order_item_id,order_id,product_id,quantity,unit_price
1,u6rPMRAYIGig,90K0C1fIyQUf,5,722
2,ZPtEC8wwF6WC,qejhpMGGVcsl,2,841
3,F8EbvNo4GhiG,qUS5d2pEAyxJ,3,677
4,xj31p7wHOd6X,639iGvMyv0De,3,59
5,ohY8f4FEbX19,1lycYGcsic2F,2,845
6,I28liQek73i2,TpFZIk33uyGn,4,420
7,bBG1T89mlY8W,Y0T4Ca4BXK8U,3,113
8,n5anh2ES0Qrx,IUykT5z5LcPW,4,462
9,ZAZc30nO7mBG,0UHKKyYmxWfq,1,140
10,SoQynNVGWmGN,MJ82dNJNiV7U,2,132
11,9U8Q6btOgIlI,wdV7yJzaz3Su,3,324
12,oSyS0JoHQjtO,V3ksL8RRt2uO,4,918
13,2h0BGlUwGRS1,vndXhZ66Bwpl,3,111
14,NQuyw3LJgPgc,2RxPIb6Sjlm1,4,79
15,5AI7yWNtkxDG,DXG0TFaZjGHO,5,710
16,0bLeA89iFL8i,YCMS6jUWbEbe,1,773
17,1jjbu6TXyRch,CBuRjOln99hg,4,406
18,Re014mariwwi,tfgKHMdnTKpJ,1,833
19,amNpLmLRtqds,l0Q038BC2u3G,1,155
20,djhHtQyPdTWI,V84ooqHQgeH2,2,984
21,J3NBaP7MoqMg,E9OiMOkPkNam,3,678
22,vgZoQIXiEWps,aYw1jx6U0ZzQ,2,248
23,UGOUFp6lOvfy,kuUbPNBMgk7o,4,938
24,FBBEfDzPKZG9,SESkOgF0nWnh,5,255
25,W1NJYnYkaukv,06Zem5ml9euJ,1,420
26,PmtQlxTGKPcA,ro08JPncYzLh,3,461
27,t4nJirEExSQ1,lkPBqpnGNyKe,2,144
28,CYxJJSQS8Lbo,saFIRNuu8V6H,2,712
29,kUkQCFPtDvrC,uicu7Mpz6xlZ,5,471
30,eV98svHRmPNG,uCnShK796Rpb,5,331
31,b2tsoISX5lnP,tRV6VjdwdLAm,2,167
32,O0D3th8M88nF,Hwaj6cncrjwO,3,920
33,yBTGlSf8GGMV,YgnBaIterOVh,3,270
34,6pnw4hyUDAML,SLTlrWtcYt1m,4,523
35,8imv30tsvjS6,yZJweQSasMAW,4,254
36,OoHJ0WBqlxln,kgF2KLJ8Ao3M,3,391
37,mekmxzX7xg66,8kUYWjdaVCxf,5,681
38,AN0LPeDjWUza,QzAC1fDWMbmk,1,422
39,zgIMZEReS5B1,R2u3pJSgF7Gr,1,289
40,sqqcJi5UVxtn,lSVmLWTOmgtw,3,775
41,iuJIJeB4vf0M,bDhxHlkU0GeF,3,48
42,v6heTvA4ecgM,MeFPAUcWfyAo,5,321
43,726qzHfAqEZO,Mh5csf65CB6I,5,93
44,2z0J1TsDQcfv,hfEa3c65LTA2,5,416
45,9bqV6nH4nfrW,Pb29t2XBfP6Q,4,468
46,SPsLXC6EZB6w,th6S1t44GAij,5,525
47,TeZ0nzyvsRRN,fUSMr8Wo77AI,2,901
48,QLqDouIaUQyr,qI5i1mUxo5tX,1,686
49,bY2cGOI6XpVK,AQRgJU930yvK,5,891
50,QWzeukLNfMeF,VCOwCoc0C3aj,1,611
51,pKPwllWcu4W3,f21OMkeWX2ZC,3,1000
52,NzTOIsBiUKrl,mKDM0qdFnNNd,3,991
53,mNxi2hOZpFeh,aZ1aneUqyncU,3,868
54,8WTKsujGSPr0,ch26pynh9FL6,1,978
55,aVIcG7VKLPWV,eTlPil30tvIn,4,382
56,Fie0ynZ7drmB,htOWZMHmysDe,5,912
57,VFDder0yq9I9,GJ4e2xEfaCmh,5,206
58,M9fSx7DrrYb9,EZlH1lJVfFqj,4,911
59,8GeclE4Rp2QR,zTW2bowvLdj9,2,279
60,NTvOc3tRPuW5,VO111AOA1QIP,3,325
61,Yhkot2w7WEXz,mfq8n5MEY4eP,1,549
62,mlof9iBBk8YB,TdryLJINHQ9O,4,745
63,qvrK7ROfp1w6,B2udqVNGe7sU,4,817
64,Io6QaiAgVYoZ,IsLB3oNMsX7k,5,869
65,AdQYiwpmbcZs,7IfEqKdKlG9j,4,279
66,uNUwbkr3jhfD,YG7qG1MQlhjp,5,907
67,Xknxc0MlpwU6,nS95HUh6SK36,5,846
68,TmyZSJp1HpV7,cT3PvVNqyIpQ,1,110
69,6QNUKHTlKzQz,hoBYqNvOyd5V,1,882
70,j4hiZpWSGa1T,2oRZ0O0Cvxg1,2,76
71,GNz6cxwDUyoM,UjLE7WsWfgrO,4,356
72,FXRNx6tgp5qm,nvbYOXncMsv0,1,258
73,6J3ZtW3UMsR9,5WcLgWtO04vH,2,842
74,t0EtYo45Wcw7,jyqvHPkDKFDV,3,942
75,cl0NeDXDu7fb,4BAZNq7FQZOV,1,552
76,bJx1zp3tvlFI,G16XPtJuiBOe,4,471
77,CKtqZeTFa6Ov,tfJojxEnA32p,4,43
78,e7xeH7PfGWFM,5hqQbR7p5r2D,2,421
79,GFTwjcw6q56j,97fSQlZJl4P8,4,568
80,yEA6uAyJrtyn,mwlDII1pL31s,2,268
81,y7ICBanZzdHp,N9wgqW59QGza,1,47
82,9KtbBt5zy7sx,n3QjhUa3JbkT,5,804
83,sWGOVCBlIYpQ,fJOMyLSpholI,1,352
84,eWUac9oeh1tv,DMB6KqQisnZE,4,677
85,hTsd7hsjSQkN,0vbEvli2JYJu,1,616
86,8lM7XW1XJ9eM,xl7fxh09W8xU,1,510
87,7Z0hXerVDxYV,bumRSmIPLuYa,2,683
88,y9rnhHHoMPVi,Hh61P9XhdxJT,2,177
89,uCkWTkJzyQRA,jcZ2MOqKsGsh,2,504
90,9HRvyYtiYj08,OEoHcaKHbdiB,2,273
91,kHpIb3Vhkr2B,Ggd3U51peXoq,2,127
92,JHwaDSRd7Yqk,etUc3o0rjL6e,2,858
93,PqlLQqphGWMG,lFGT2p3CDtxY,3,295
94,J8Bc43diiiwa,daiqbsoofbQ7,3,844
95,bZFqy2PEMhhc,dAz11YkQkoue,3,526
96,T4K1lnPN7lH9,KocIrz6J906g,3,96
97,ub5scd3uMflH,xj8TsBOfCz2Q,2,228
98,RXr0Pq0a2arg,LEtlZnZPgiXx,5,77
99,yAmRuBPWp1vO,dtkkSAYxncfA,3,623
100,2QIVkkyZ8RSQ,WLCpnwy0jsjj,3,25
101,YeL4SAuZWnm6,90K0C1fIyQUf,5,519
102,V31QKgYddF4p,qejhpMGGVcsl,5,48
103,OGBnugiiwsQ7,qUS5d2pEAyxJ,5,908
104,VTZa4KTg0syY,639iGvMyv0De,3,675
105,cfV2FFpdyahv,1lycYGcsic2F,5,887
106,t11DDNtIIXGr,TpFZIk33uyGn,3,273
107,E8AKfhtGs86K,Y0T4Ca4BXK8U,2,183
108,tCK55o06SO34,IUykT5z5LcPW,4,659
109,OR0wt8h1DIKb,0UHKKyYmxWfq,2,605
110,aHzSMYk4vQMK,MJ82dNJNiV7U,5,874
111,qHQXGVVCHZYY,wdV7yJzaz3Su,2,208
112,BUPnDHEpTEYw,V3ksL8RRt2uO,5,795
113,xpfzksDexXMI,vndXhZ66Bwpl,3,981
114,P3Yh81rTtDQb,2RxPIb6Sjlm1,1,472
115,7StTr6G9uVcV,DXG0TFaZjGHO,3,575
116,p8erECFNyNYX,YCMS6jUWbEbe,4,728
117,L3T6OJnjTlXb,CBuRjOln99hg,2,84
118,qFGvBA8siR9C,tfgKHMdnTKpJ,3,781
119,N3fIfitoQtmP,l0Q038BC2u3G,2,587
120,srKcniC9yOFm,V84ooqHQgeH2,4,533
121,DTG8rFMgpHXy,E9OiMOkPkNam,5,563
122,43VT6pfqVWQq,aYw1jx6U0ZzQ,1,418
123,2Jbr1MhEmkIs,kuUbPNBMgk7o,5,628
124,EzLqwURTMESq,SESkOgF0nWnh,1,435
125,Tb14VgvCwPuw,06Zem5ml9euJ,4,275
126,VfPfevghWKRz,ro08JPncYzLh,2,539
127,RrMH1HzjPDUy,lkPBqpnGNyKe,3,467
128,Rmc3vFluFqEi,saFIRNuu8V6H,3,286
129,dgXkaqn9QIyl,uicu7Mpz6xlZ,1,470
130,USsox4oIQaVK,uCnShK796Rpb,2,844
131,GkihidwfzkNV,tRV6VjdwdLAm,3,251
132,e2rxoTN4dHYl,Hwaj6cncrjwO,4,839
133,vl4sZM3Me2dI,YgnBaIterOVh,4,450
134,e0odnJSmEDtd,SLTlrWtcYt1m,3,878
135,uKdtgTIV8ML0,yZJweQSasMAW,3,595
136,KyhVyjIwoxUR,kgF2KLJ8Ao3M,4,692
137,Tao6yqzZqR8i,8kUYWjdaVCxf,4,280
138,CRAW5FHTgef2,QzAC1fDWMbmk,4,566
139,4BD1mwqdmeWP,R2u3pJSgF7Gr,1,742
140,hToNiABH0dXp,lSVmLWTOmgtw,3,708
141,1HoooFCAAipF,bDhxHlkU0GeF,4,327
142,mUZI3vHznWIA,MeFPAUcWfyAo,2,861
143,ujfwoQlALhEM,Mh5csf65CB6I,3,395
144,xgFgAUrPUHEk,hfEa3c65LTA2,1,597
145,DU2VQZyo6GkN,Pb29t2XBfP6Q,4,559
146,KKm2sesYGRq8,th6S1t44GAij,1,725
147,JgAkkK19yYhw,fUSMr8Wo77AI,4,512
148,hSaoyGZch9Z5,qI5i1mUxo5tX,5,966
149,dwJNR7yxYRLb,AQRgJU930yvK,5,173
150,86uPyTFO0VnJ,VCOwCoc0C3aj,4,687
151,KOTqFLF3sprZ,f21OMkeWX2ZC,5,784
152,RQi6usDkH0z5,mKDM0qdFnNNd,3,214
153,lRPOThT61ZfO,aZ1aneUqyncU,3,749
154,YYNavM4ecDW5,ch26pynh9FL6,4,939
155,qUt5sGnfTqfO,eTlPil30tvIn,2,904
156,RVEKyUSqDZHV,htOWZMHmysDe,3,385
157,yeJWwvlsVv2K,GJ4e2xEfaCmh,4,866
158,FfgsDN9OZGuM,EZlH1lJVfFqj,3,539
159,Kzj2zW9ALdOn,zTW2bowvLdj9,1,485
160,sMzZJbA97sz8,VO111AOA1QIP,2,138
161,oDs5nEXNL9lV,mfq8n5MEY4eP,5,349
162,oGdO8jGWtiCD,TdryLJINHQ9O,5,625
163,lDzWKIMnMQRe,B2udqVNGe7sU,2,954
164,qVNLeUroeLzd,IsLB3oNMsX7k,2,698
165,R4puFrZcycnq,7IfEqKdKlG9j,2,148
166,CetUKkHYgPya,YG7qG1MQlhjp,4,764
167,0d19WT6gAay3,nS95HUh6SK36,2,721
168,Biqo21nETaMO,cT3PvVNqyIpQ,3,504
169,hhBKG3qil2KL,hoBYqNvOyd5V,4,298
170,aDnwWyOFhEJ2,2oRZ0O0Cvxg1,4,692
171,C5Vs4Tb4ozNR,UjLE7WsWfgrO,3,953
172,hpGrV8BgZ2Ga,nvbYOXncMsv0,2,747
173,U1mAeIP72gPD,5WcLgWtO04vH,4,759
174,DSy03UmxuvNm,jyqvHPkDKFDV,5,491
175,DfUyZDa86qO9,4BAZNq7FQZOV,1,573
176,cItVrkN9oiVK,G16XPtJuiBOe,4,402
177,3CD8klhI6sv6,tfJojxEnA32p,1,64
178,ZskwlJutdrsO,5hqQbR7p5r2D,5,370
179,OUvkNi0sA2ks,97fSQlZJl4P8,4,333
180,yA6ye44VAqXT,mwlDII1pL31s,5,997
181,n2qxYfewEQFx,N9wgqW59QGza,5,492
182,0gQui6LvlU5t,n3QjhUa3JbkT,1,76
183,pshOBIa9uNaK,fJOMyLSpholI,2,749
184,HOR4OGRLZFAi,DMB6KqQisnZE,3,331
185,pLZBIXXoQDrD,0vbEvli2JYJu,4,731
186,m1LtjhIB9CsJ,xl7fxh09W8xU,5,826
187,JXMfAIkr2GMn,bumRSmIPLuYa,5,856
188,25pQorIsT9XG,Hh61P9XhdxJT,3,597
189,ao8cwuTvK450,jcZ2MOqKsGsh,3,698
190,CA0KeXrOx4Va,OEoHcaKHbdiB,4,551
191,0UBmWOKw8fEf,Ggd3U51peXoq,3,982
192,SpFKAoPp0ilG,etUc3o0rjL6e,1,198
193,NKyiiSfrgbEE,lFGT2p3CDtxY,4,817
194,jVdQnhB1si7w,daiqbsoofbQ7,1,405
195,JfzZhp0Tjdhv,dAz11YkQkoue,2,995
196,WWw3VcoVGQWw,KocIrz6J906g,1,542
197,dfHIK6FiSMJK,xj8TsBOfCz2Q,5,992
198,Nifv0ug4fbdY,LEtlZnZPgiXx,2,614
199,1GD1ztHSEY89,dtkkSAYxncfA,1,795
200,4EL6KRUybg09,WLCpnwy0jsjj,5,193
201,AkmfCk8R06qD,90K0C1fIyQUf,1,741
202,KnUNh8bnaKd9,qejhpMGGVcsl,4,670
203,m68ISWKzviHJ,qUS5d2pEAyxJ,2,781
204,xYh4tcmBf0pq,639iGvMyv0De,3,648
205,hwV9K6iZVgnh,1lycYGcsic2F,1,465
206,D5YWaLz32bm9,TpFZIk33uyGn,3,457
207,Jb47A3Af9mi8,Y0T4Ca4BXK8U,3,111
208,DBPnEuQDFDVb,IUykT5z5LcPW,3,567
209,XhmzJrChXt1C,0UHKKyYmxWfq,4,724
210,DZ1MJcaivJ1A,MJ82dNJNiV7U,4,32
211,CM47ksrL2R8A,wdV7yJzaz3Su,1,237
212,xyukk6AHT526,V3ksL8RRt2uO,3,74
213,6otDC7qi8cZh,vndXhZ66Bwpl,1,181
214,8LH9cFjaFFLw,2RxPIb6Sjlm1,4,767
215,iuKcjULhAbtK,DXG0TFaZjGHO,4,335
216,WCVW0rJ4udYk,YCMS6jUWbEbe,3,241
217,yGcapJ36OCQA,CBuRjOln99hg,1,199
218,BUg1mBIQpkwF,tfgKHMdnTKpJ,2,266
219,pvYF1MU8i064,l0Q038BC2u3G,5,405
220,3XiC2Rlo50Iu,V84ooqHQgeH2,5,86
221,46mQB8D3v9eI,E9OiMOkPkNam,5,971
222,dgq4y5ziFJlc,aYw1jx6U0ZzQ,2,670
223,0DLS5w2AyhwI,kuUbPNBMgk7o,3,937
224,uMol3qcCJYDk,SESkOgF0nWnh,2,464
225,PLRvoLumWbkD,06Zem5ml9euJ,3,785
226,VgblKNAeuaYZ,ro08JPncYzLh,3,475
227,oVRVeW4UOiln,lkPBqpnGNyKe,2,976
228,rRyw0Uv2s6Cr,saFIRNuu8V6H,3,686
229,ieDqh6AghnQ1,uicu7Mpz6xlZ,1,828
230,grIIIXCxNzVS,uCnShK796Rpb,3,188
231,TSmP7B9NYZQR,tRV6VjdwdLAm,1,732
232,sWOapohERXHv,Hwaj6cncrjwO,3,659
233,wq3LDwK546wG,YgnBaIterOVh,5,460
234,x1curOgPTqWp,SLTlrWtcYt1m,2,981
235,3zQxmjW6iIQM,yZJweQSasMAW,2,772
236,w4jk8j2fTnhw,kgF2KLJ8Ao3M,2,606
237,Ee96ATLQSWKh,8kUYWjdaVCxf,5,328
238,bL1iH5RftKa5,QzAC1fDWMbmk,2,229
239,tZoVpxv5FVIH,R2u3pJSgF7Gr,3,676
240,DmUUzfXyVm69,lSVmLWTOmgtw,1,626
241,qMnWT2faWgwg,bDhxHlkU0GeF,1,416
242,tFQGjmZndsM5,MeFPAUcWfyAo,2,792
243,fnUhOd9v4vy9,Mh5csf65CB6I,3,494
244,nblJwrll1AS0,hfEa3c65LTA2,4,106
245,58RjiVzxQUqW,Pb29t2XBfP6Q,5,353
246,VtlAs8XD0DsD,th6S1t44GAij,3,366
247,3vx9j3SvRUKg,fUSMr8Wo77AI,3,414
248,LkbR0ufbuMHg,qI5i1mUxo5tX,3,485
249,bhMwu9M1F3pM,AQRgJU930yvK,3,746
250,iUEMkbaTWXER,VCOwCoc0C3aj,4,812
251,sZG0zVMaFAXJ,f21OMkeWX2ZC,3,278
252,7Xkh6efI4nRr,mKDM0qdFnNNd,1,830
253,u49f51uCjN3j,aZ1aneUqyncU,2,729
254,1S0V4zm14Sl7,ch26pynh9FL6,1,901
255,Whn3HZ9xudbF,eTlPil30tvIn,5,972
256,yJ9AvqhRv87m,htOWZMHmysDe,2,844
257,UuMDtqNcmyUC,GJ4e2xEfaCmh,3,249
258,Hh2i308tChyu,EZlH1lJVfFqj,2,344
259,v5gjarBxJsbo,zTW2bowvLdj9,5,994
260,OX3PAIf1m6fY,VO111AOA1QIP,3,931
261,3TVHEQZQTpNK,mfq8n5MEY4eP,2,233
262,V8k8G52pXF97,TdryLJINHQ9O,5,731
263,OPuvw5JcjfOh,B2udqVNGe7sU,1,985
264,hJq9LTbltF0f,IsLB3oNMsX7k,4,212
265,pmsiX0dmE1rH,7IfEqKdKlG9j,2,885
266,kVpTE6tUo9w7,YG7qG1MQlhjp,2,406
267,roLFENE2HITq,nS95HUh6SK36,2,347
268,NecsYKNR6nba,cT3PvVNqyIpQ,4,947
269,cqbIl6jpDT2u,hoBYqNvOyd5V,3,205
270,FrhdrgQs3oNw,2oRZ0O0Cvxg1,3,390
271,LB5ptHNQKAFz,UjLE7WsWfgrO,3,571
272,3llJ3o8c2vXh,nvbYOXncMsv0,1,192
273,903k3PvOOCNz,5WcLgWtO04vH,2,543
274,6gqB9L4H6mTT,jyqvHPkDKFDV,4,986
275,cv7Hxy6CHEtO,4BAZNq7FQZOV,4,713
276,CRz9uZubKDHr,G16XPtJuiBOe,5,806
277,rkEDCr6cFVPU,tfJojxEnA32p,2,444
278,CscZnJreINZO,5hqQbR7p5r2D,1,805
279,YZrS899bLEhp,97fSQlZJl4P8,1,347
280,ZEA7QmAPMVfg,mwlDII1pL31s,1,629
281,mG9DF0eoAvGx,N9wgqW59QGza,2,751
282,Dy6W5P61hOwE,n3QjhUa3JbkT,3,58
283,TJoDeQ2Xlz5v,fJOMyLSpholI,1,502
284,hCbJt8U6Ww3N,DMB6KqQisnZE,3,27
285,ZN2K6DbGxXmu,0vbEvli2JYJu,3,673
286,Tyqe3VkvE2ia,xl7fxh09W8xU,1,937
287,z0ppW11jMOEz,bumRSmIPLuYa,4,537
288,ozLF9m7eEm98,Hh61P9XhdxJT,1,485
289,my5M3Y1O81eH,jcZ2MOqKsGsh,1,383
290,fnSFBmKlfG9i,OEoHcaKHbdiB,4,342
291,JXMbT6I9MNoO,Ggd3U51peXoq,4,144
292,u2oKzCyv9sav,etUc3o0rjL6e,2,528
293,ZCUmP89tgwn8,lFGT2p3CDtxY,1,803
294,OtV6waAZRqcN,daiqbsoofbQ7,1,586
295,RHC6EUl5JcR5,dAz11YkQkoue,5,834
296,xGteaEANe0M8,KocIrz6J906g,3,567
297,vhdr4kEZVJXi,xj8TsBOfCz2Q,1,362
298,RY18bAQlLAQ8,LEtlZnZPgiXx,2,585
299,kyeIOoUKvoIM,dtkkSAYxncfA,2,244
300,KbdHRyE4Ok8u,WLCpnwy0jsjj,3,414
301,VZvjDMifWUUk,90K0C1fIyQUf,3,328
302,44iBM5ddZAsc,qejhpMGGVcsl,3,937
303,GewZicdnVU4o,qUS5d2pEAyxJ,3,570
304,wDxGhxIhiaWl,639iGvMyv0De,4,166
305,paJO30kb5azy,1lycYGcsic2F,1,144
306,0llz1DKEU0D0,TpFZIk33uyGn,5,986
307,zrzHXZTUzOfx,Y0T4Ca4BXK8U,3,345
308,Co6YY9CSER9B,IUykT5z5LcPW,3,1000
309,liA5pvBYs64o,0UHKKyYmxWfq,5,666
310,XL3tqSGhuACw,MJ82dNJNiV7U,2,417
311,1ADWBenqZlyI,wdV7yJzaz3Su,3,600
312,KNa3m4B9oN3I,V3ksL8RRt2uO,5,416
313,0tQNH5yMQnRR,vndXhZ66Bwpl,4,954
314,YKY495iYCoqG,2RxPIb6Sjlm1,4,187
315,HMibbC4n9Us9,DXG0TFaZjGHO,4,403
316,DwOeec3mPOL9,YCMS6jUWbEbe,5,794
317,MV5sovfkXA3U,CBuRjOln99hg,3,235
318,GXDPr1j1Ts2p,tfgKHMdnTKpJ,2,512
319,1LQsht0oRLjV,l0Q038BC2u3G,2,354
320,TuYYbacjEAIo,V84ooqHQgeH2,5,750
321,jQBSgqRWOpvl,E9OiMOkPkNam,5,145
322,qCyo7rwAzOOQ,aYw1jx6U0ZzQ,4,18
323,CtWqYNGFXvab,kuUbPNBMgk7o,1,354
324,k4DMOE7CQOYf,SESkOgF0nWnh,3,649
325,obrJjCEHkABU,06Zem5ml9euJ,2,524
326,nZzXZ18fOglg,ro08JPncYzLh,5,671
327,DhYtehGRi5Ft,lkPBqpnGNyKe,5,64
328,BmKm8T53Heik,saFIRNuu8V6H,4,135
329,zO3o5CWKRQHt,uicu7Mpz6xlZ,4,908
330,Od8slGuu4iXb,uCnShK796Rpb,5,350
331,WMaeamcmMFS7,tRV6VjdwdLAm,2,144
332,KaBuciUjz8gx,Hwaj6cncrjwO,2,470
333,XnBRhcE8kuI9,YgnBaIterOVh,2,847
334,80zasKxvt11B,SLTlrWtcYt1m,2,78
335,DPkBB5UwdO20,yZJweQSasMAW,5,692
336,wwYVWXIl3qEc,kgF2KLJ8Ao3M,4,902
337,HW9Ogje6AlUA,8kUYWjdaVCxf,2,755
338,4pXD71R3zOzN,QzAC1fDWMbmk,3,694
339,K0NF1wdh0LvK,R2u3pJSgF7Gr,1,786
340,KZs2qgGZoOSX,lSVmLWTOmgtw,2,128
341,6UsiVOKddOkD,bDhxHlkU0GeF,3,998
342,RtGO0hlWZEvO,MeFPAUcWfyAo,2,913
343,hVDdZER4kLPK,Mh5csf65CB6I,3,488
344,v4xqa1KwmNvE,hfEa3c65LTA2,1,586
345,bHH5GqG5l1Z1,Pb29t2XBfP6Q,2,188
346,Q7XE8hJj6E2t,th6S1t44GAij,3,48
347,LgBjaoAZT313,fUSMr8Wo77AI,3,40
348,hj982ZHuOpX2,qI5i1mUxo5tX,3,959
349,O3kEwpEBakLG,AQRgJU930yvK,3,390
350,g2feI21w6ZER,VCOwCoc0C3aj,3,308
351,xmetOCIiW5xA,f21OMkeWX2ZC,2,596
352,TKwhZWStGsmY,mKDM0qdFnNNd,5,915
353,AqBRn45qEWbc,aZ1aneUqyncU,2,199
354,I54x5B7ZScB4,ch26pynh9FL6,2,779
355,KOrn1FCfjiwG,eTlPil30tvIn,2,603
356,dIqUTmB6GAfq,htOWZMHmysDe,3,462
357,RI0Rc1aPQdUs,GJ4e2xEfaCmh,5,88
358,giwiJ531UruF,EZlH1lJVfFqj,1,284
359,q4CIb4iWNj6w,zTW2bowvLdj9,5,986
360,5qBwZDA0LlFC,VO111AOA1QIP,1,791
361,ATrYoxeRKpjR,mfq8n5MEY4eP,2,299
362,SSWdznwYcP3H,TdryLJINHQ9O,1,693
363,Kceb90mhL8ES,B2udqVNGe7sU,1,497
364,wRnAjbJ6jnUf,IsLB3oNMsX7k,2,863
365,QNVf567QxsCo,7IfEqKdKlG9j,5,357
366,I7EQbnwm1Q63,YG7qG1MQlhjp,2,114
367,UXFVXUDBBnN2,nS95HUh6SK36,5,90
368,yTxwFIsk9dtg,cT3PvVNqyIpQ,1,16
369,cRMM1epfDvSR,hoBYqNvOyd5V,3,565
370,NiYQcWqn2dx1,2oRZ0O0Cvxg1,4,781
371,fuEVwCKcg8U1,UjLE7WsWfgrO,1,752
372,uJxv0BlTzZKk,nvbYOXncMsv0,3,564
373,hQ9yfvzfLbcw,5WcLgWtO04vH,5,988
374,Gnt5P2sMZoDE,jyqvHPkDKFDV,2,154
375,VLa5YZFj2W0i,4BAZNq7FQZOV,5,88
376,EP3hioG5H9fK,G16XPtJuiBOe,1,822
377,DTJdNewgAKSE,tfJojxEnA32p,5,540
378,Qu1j9oOfSK6t,5hqQbR7p5r2D,5,267
379,eNNSfcB8zJAv,97fSQlZJl4P8,5,398
380,0XMCKHWULwyS,mwlDII1pL31s,4,294
381,KBjiJXcRN9WP,N9wgqW59QGza,5,635
382,g8ZrY2zT7ya4,n3QjhUa3JbkT,5,785
383,7QE67FF0Om5N,fJOMyLSpholI,5,767
384,GOKkBcX2MRRC,DMB6KqQisnZE,2,365
385,g8AatMWmKGPw,0vbEvli2JYJu,2,1000
386,bVYJzm2XCyxo,xl7fxh09W8xU,5,316
387,NJL5pw4RWM7D,bumRSmIPLuYa,5,517
388,blIKUJKqhcAw,Hh61P9XhdxJT,4,906
389,JtNzDxuzkRxr,jcZ2MOqKsGsh,2,349
390,glRonpQa8jMJ,OEoHcaKHbdiB,2,753
391,k1rQ3PIw3yYp,Ggd3U51peXoq,4,299
392,4GUbLR1aPK9d,etUc3o0rjL6e,2,942
393,MHEaSt8SPeoG,lFGT2p3CDtxY,4,244
394,lD9HnSAxViqE,daiqbsoofbQ7,2,782
395,cB2f9bMTD38b,dAz11YkQkoue,4,959
396,PX1ynyV2HPjl,KocIrz6J906g,1,165
397,IzNblTWVwQAa,xj8TsBOfCz2Q,1,308
398,GayOlUb6Vmw5,LEtlZnZPgiXx,4,451
399,DHH11XdNlWxX,dtkkSAYxncfA,1,121
400,DFJtb4hzzmHX,WLCpnwy0jsjj,3,417
401,ybfGUmIVyYyg,90K0C1fIyQUf,4,727
402,6whGhQyugS0N,qejhpMGGVcsl,5,314
403,S604A9iIoCwI,qUS5d2pEAyxJ,1,110
404,9NeeIZEF4rYg,639iGvMyv0De,5,860
405,zT4J82bYPvE2,1lycYGcsic2F,1,802
406,Gwq3kXZ8MW3c,TpFZIk33uyGn,5,746
407,zyqeRBdn2QIz,Y0T4Ca4BXK8U,2,126
408,dqPjUcXODdly,IUykT5z5LcPW,1,902
409,W3nEEHGY8aZe,0UHKKyYmxWfq,2,973
410,WgNOCMuHd9W6,MJ82dNJNiV7U,2,910
411,mpXwWjfPlBSr,wdV7yJzaz3Su,4,715
412,xneeAgYsRUlF,V3ksL8RRt2uO,1,793
413,BRj5e8wXFtYd,vndXhZ66Bwpl,1,838
414,fuBWf4V2Fw1v,2RxPIb6Sjlm1,3,95
415,1VAo82Ufuaol,DXG0TFaZjGHO,4,385
416,mpPCmbAGPedF,YCMS6jUWbEbe,4,688
417,yb8LxW1FVkLV,CBuRjOln99hg,3,298
418,0DF59MmccPv4,tfgKHMdnTKpJ,4,523
419,10rJ5Zmskknk,l0Q038BC2u3G,1,288
420,7s3w2S5NqgHr,V84ooqHQgeH2,2,279
421,Zcvs2Y4jT91x,E9OiMOkPkNam,4,474
422,nWpya4oQZL6n,aYw1jx6U0ZzQ,4,981
423,VLMKKFKzUVf2,kuUbPNBMgk7o,2,553
424,Uxz0vOb2sQDR,SESkOgF0nWnh,4,505
425,tytEgIj2Th3J,06Zem5ml9euJ,2,367
426,U39IZgP9B2Pr,ro08JPncYzLh,3,307
427,49MdL5vZ7jIE,lkPBqpnGNyKe,5,334
428,Wa1rNI8dP7zs,saFIRNuu8V6H,1,549
429,zwBAkVYfxyyQ,uicu7Mpz6xlZ,2,948
430,NprVssoIK8Rn,uCnShK796Rpb,4,189
431,fIrfCQsEFnE9,tRV6VjdwdLAm,4,942
432,4dGL3OCJqVkG,Hwaj6cncrjwO,2,701
433,at7rWo8KPYVJ,YgnBaIterOVh,3,924
434,iJXWaA3D3LXT,SLTlrWtcYt1m,3,674
435,PmfjmIs699a5,yZJweQSasMAW,2,62
436,r8I48M6OwJcP,kgF2KLJ8Ao3M,1,20
437,Na5LA4dY4q9A,8kUYWjdaVCxf,3,438
438,PQyDjW5Yhmam,QzAC1fDWMbmk,3,85
439,3pCApHYAqA0t,R2u3pJSgF7Gr,2,541
440,27m5wByUrmwi,lSVmLWTOmgtw,5,156
441,lkENMnhS0Mue,bDhxHlkU0GeF,5,232
442,OWudByJ0dr8x,MeFPAUcWfyAo,3,57
443,TQf1axf2lHVQ,Mh5csf65CB6I,3,157
444,iwqRFnkT6L9F,hfEa3c65LTA2,5,781
445,X09r1IAJN74u,Pb29t2XBfP6Q,3,217
446,6vSwBHhBtz0y,th6S1t44GAij,4,908
447,fDq8lkNRbhjT,fUSMr8Wo77AI,1,534
448,vEPbz2whQgxU,qI5i1mUxo5tX,3,922
449,pthAHR3zwX1k,AQRgJU930yvK,3,562
450,GeUtNVVEd1XT,VCOwCoc0C3aj,4,597
451,dqLJMOWoxGtr,f21OMkeWX2ZC,2,876
452,7sAifSXQ23RD,mKDM0qdFnNNd,4,174
453,BunZbvls0n1k,aZ1aneUqyncU,4,231
454,9h3jzfDGdP1c,ch26pynh9FL6,1,472
455,4RqmOiHxYk5j,eTlPil30tvIn,5,474
456,AhUvxUGYsopt,htOWZMHmysDe,4,13
457,gzStAybJTkfz,GJ4e2xEfaCmh,4,360
458,WKD2izUQvi6X,EZlH1lJVfFqj,4,166
459,gJPseMs1Hakn,zTW2bowvLdj9,5,887
460,Qq1LvTK2Mh7F,VO111AOA1QIP,3,272
461,kF1s9JGOD3SG,mfq8n5MEY4eP,2,382
462,kS4yjVPtRevK,TdryLJINHQ9O,4,999
463,0tKHPrBRUuzE,B2udqVNGe7sU,5,181
464,hZvtvOu6GZ9X,IsLB3oNMsX7k,3,768
465,1UnYItSfNnuH,7IfEqKdKlG9j,3,992
466,r8WZxibP4aZs,YG7qG1MQlhjp,1,991
467,gI9LiRm1Ryjt,nS95HUh6SK36,4,725
468,Er35i2CvcftB,cT3PvVNqyIpQ,4,844
469,E93Sn1q2YqAV,hoBYqNvOyd5V,4,210
470,Swr1NW0enI50,2oRZ0O0Cvxg1,5,367
471,FrByV3btkMWv,UjLE7WsWfgrO,3,637
472,8J2PSZX0Qado,nvbYOXncMsv0,1,312
473,XTQvBgr50gC1,5WcLgWtO04vH,3,249
474,RU9dWom6OeBt,jyqvHPkDKFDV,4,898
475,iC6vks75waN1,4BAZNq7FQZOV,5,93
476,eL2LcStVJsVE,G16XPtJuiBOe,5,370
477,ATo4U0L18MV4,tfJojxEnA32p,1,733
478,6XOzvoFezTKL,5hqQbR7p5r2D,3,927
479,ThqqOmxw1IuW,97fSQlZJl4P8,1,956
480,HVcTCpvsfVP2,mwlDII1pL31s,5,977
481,7K3rCKgQmI5v,N9wgqW59QGza,4,287
482,0nMkaYj8IvYn,n3QjhUa3JbkT,5,179
483,LombvAfyS2hZ,fJOMyLSpholI,3,905
484,vj9uCrr5eDKe,DMB6KqQisnZE,2,314
485,rGp7A3FZPgjV,0vbEvli2JYJu,2,435
486,TRslIYyjp0h3,xl7fxh09W8xU,3,831
487,PA5kLl3m686D,bumRSmIPLuYa,2,789
488,J3FzTOnoxl4m,Hh61P9XhdxJT,3,278
489,Gm95at56Nqu6,jcZ2MOqKsGsh,3,19
490,rIobcSQlTAIN,OEoHcaKHbdiB,2,13
491,bCEu75bVXGB2,Ggd3U51peXoq,4,680
492,J2b5mZIZPrkV,etUc3o0rjL6e,4,201
493,sQmJgSBLPonq,lFGT2p3CDtxY,2,558
494,9JSRAze9RRFQ,daiqbsoofbQ7,1,669
495,U5rtf6WMOznU,dAz11YkQkoue,4,595
496,bhpKla1yGfy8,KocIrz6J906g,5,184
497,mCrq6aBTiAad,xj8TsBOfCz2Q,4,84
498,YAEyeHY8GiXF,LEtlZnZPgiXx,3,453
499,6wQfFGHYwe14,dtkkSAYxncfA,2,782
500,FUhKtZT2K0Im,WLCpnwy0jsjj,5,872
501,pMLsg8ksI7gw,90K0C1fIyQUf,4,185
502,47UxbbQPIt5G,qejhpMGGVcsl,2,67
503,YMfgkNmDC5X2,qUS5d2pEAyxJ,3,472
504,aXnQTdIQS2og,639iGvMyv0De,3,598
505,D26ZAsmExW98,1lycYGcsic2F,4,929
506,ojnrE1j1yZNk,TpFZIk33uyGn,1,789
507,uWothCpUmPXk,Y0T4Ca4BXK8U,3,420
508,bCo6YkJgUmME,IUykT5z5LcPW,3,358
509,OuJjwLz5wP6k,0UHKKyYmxWfq,2,892
510,Z1nz0kUUoHho,MJ82dNJNiV7U,4,81
511,DKYTTXy6VhNE,wdV7yJzaz3Su,4,958
512,IGaqiwC7EyOt,V3ksL8RRt2uO,4,919
513,rR0Zp9oGMM7X,vndXhZ66Bwpl,3,315
514,sKyNRwRqkYZ1,2RxPIb6Sjlm1,1,410
515,nr3yNXzg551L,DXG0TFaZjGHO,1,144
516,n3qPTf4Z5GHE,YCMS6jUWbEbe,3,661
517,1MmVLtvdY0P7,CBuRjOln99hg,3,821
518,zErVTquqlznU,tfgKHMdnTKpJ,3,361
519,V9tbrcGpy6jb,l0Q038BC2u3G,4,839
520,vJOB9Yahwavl,V84ooqHQgeH2,2,534
521,oBEbcurgbbMq,E9OiMOkPkNam,3,521
522,JCtpaPlN9Ryp,aYw1jx6U0ZzQ,3,140
523,yRS6Z2VAVoBh,kuUbPNBMgk7o,2,873
524,8B9D23A6KuJE,SESkOgF0nWnh,4,443
525,WufIJL1JEM1S,06Zem5ml9euJ,5,100
526,AGIPGCIf811D,ro08JPncYzLh,3,907
527,ihTw90B7Ce4l,lkPBqpnGNyKe,1,416
528,BVjnauNHsi9I,saFIRNuu8V6H,1,860
529,3SwoXHKqus94,uicu7Mpz6xlZ,5,810
530,tJN8rPKqcCsC,uCnShK796Rpb,5,525
531,wKrkp9mg3oEL,tRV6VjdwdLAm,5,186
532,aXRVCAK6zK0x,Hwaj6cncrjwO,3,182
533,jap0obJnnAmy,YgnBaIterOVh,1,761
534,psogapBvNn70,SLTlrWtcYt1m,1,938
535,g9TR3ScQLhNJ,yZJweQSasMAW,2,695
536,B1SS9cXxCf43,kgF2KLJ8Ao3M,5,597
537,4qwPCoOeF6u1,8kUYWjdaVCxf,3,571
538,SqBjEWXOdARn,QzAC1fDWMbmk,3,369
539,lNpLTgIw4wgN,R2u3pJSgF7Gr,2,20
540,ravzKAPrd185,lSVmLWTOmgtw,5,55
541,rJgwGRsaIIY1,bDhxHlkU0GeF,4,155
542,itJCIOvIStXG,MeFPAUcWfyAo,5,733
543,gTyLf4leKMK0,Mh5csf65CB6I,4,267
544,KXDoKZReRLYT,hfEa3c65LTA2,2,642
545,gmBqwCtFPGJA,Pb29t2XBfP6Q,5,118
546,vymz5lkzhWAf,th6S1t44GAij,5,69
547,lu7SqEkTkyUy,fUSMr8Wo77AI,2,165
548,J20qFvYqnjav,qI5i1mUxo5tX,5,624
549,6Y0NFk6NUvGl,AQRgJU930yvK,3,806
550,ODQVs33Hh84k,VCOwCoc0C3aj,4,348
551,DPRRGG9csbKJ,f21OMkeWX2ZC,3,656
552,xX2UiyxIPZSv,mKDM0qdFnNNd,2,137
553,7BjykpQE7QRT,aZ1aneUqyncU,1,659
554,xiJphil15jpi,ch26pynh9FL6,4,283
555,SmMitqaEsuWO,eTlPil30tvIn,1,819
556,E8OuxMoG0Q75,htOWZMHmysDe,5,975
557,7HwO6wJIYehF,GJ4e2xEfaCmh,5,419
558,FcO6TwvkFObU,EZlH1lJVfFqj,2,249
559,FABrt78aO16I,zTW2bowvLdj9,5,151
560,qR7cDAcwcTOq,VO111AOA1QIP,5,277
561,1ENf37qerWlx,mfq8n5MEY4eP,5,243
562,6b03hCPGdqkl,TdryLJINHQ9O,3,109
563,rcCgzGeUV0tH,B2udqVNGe7sU,4,645
564,Jcy2W2E0Agmu,IsLB3oNMsX7k,4,158
565,i9OYulaEKdyi,7IfEqKdKlG9j,1,100
566,ujlTLuyFAAhX,YG7qG1MQlhjp,1,255
567,aOYDktekeGQa,nS95HUh6SK36,4,546
568,36kRQWTAsprF,cT3PvVNqyIpQ,2,328
569,TCGIdZJkerR1,hoBYqNvOyd5V,4,693
570,D7VNrgEGCxnU,2oRZ0O0Cvxg1,3,515
571,2dWPVJZxwi1t,UjLE7WsWfgrO,1,532
572,5Nq56WBuAy60,nvbYOXncMsv0,5,862
573,rSLWWI0YOkKf,5WcLgWtO04vH,2,249
574,H2sbmSsuHq2V,jyqvHPkDKFDV,2,978
575,OuRJTUWyI9DC,4BAZNq7FQZOV,2,756
576,KYO2H5mu4Wc2,G16XPtJuiBOe,3,332
577,27Ei7tBAzqOe,tfJojxEnA32p,3,267
578,HkhWA2uQbJjR,5hqQbR7p5r2D,3,46
579,Paa6zYSEmIE8,97fSQlZJl4P8,1,240
580,UEMavvdMBBA8,mwlDII1pL31s,2,969
581,Wy0TYO40tcyk,N9wgqW59QGza,3,246
582,I1GWXRpzGcCk,n3QjhUa3JbkT,5,849
583,MgfB4uLCJapY,fJOMyLSpholI,4,263
584,B8E2ntS5gbI3,DMB6KqQisnZE,5,671
585,5Uz8qKeO91Ss,0vbEvli2JYJu,5,186
586,ydv08rUf8bSc,xl7fxh09W8xU,2,709
587,B3nlGkLw0LjP,bumRSmIPLuYa,4,819
588,yCkVMOcqHA1A,Hh61P9XhdxJT,5,567
589,EnlqVmtdGeU8,jcZ2MOqKsGsh,4,397
590,6wadKo4Uu9GE,OEoHcaKHbdiB,3,914
591,8mIyPGLbfaH5,Ggd3U51peXoq,1,957
592,ZEHiCVT7ZSba,etUc3o0rjL6e,5,153
593,oAESSZCHbW0s,lFGT2p3CDtxY,5,526
594,sAeq03RRWJlh,daiqbsoofbQ7,5,566
595,KHgfaMNh9uhy,dAz11YkQkoue,1,66
596,oG25D2KOljsN,KocIrz6J906g,5,992
597,7Tm4svxqksuZ,xj8TsBOfCz2Q,2,970
598,Y4W0BaZ51hK7,LEtlZnZPgiXx,4,87
599,nGdpUMWwEiJW,dtkkSAYxncfA,1,631
600,r79r8QAd20zn,WLCpnwy0jsjj,2,675
601,xdmOz14WDkNo,90K0C1fIyQUf,5,299
602,2MGiPfM1fYce,qejhpMGGVcsl,4,626
603,p2w6YRIh2lX5,qUS5d2pEAyxJ,4,943
604,V2mJU7eydnfg,639iGvMyv0De,2,817
605,x2Anas9RnahS,1lycYGcsic2F,5,212
606,y0YXS9WECOsm,TpFZIk33uyGn,1,187
607,DAYUX6uOyR75,Y0T4Ca4BXK8U,3,113
608,ePUnLQcX378X,IUykT5z5LcPW,4,951
609,boeIrCCs8kim,0UHKKyYmxWfq,5,795
610,EEGYTFIZDfBx,MJ82dNJNiV7U,2,805
611,BihLVZjmyN0H,wdV7yJzaz3Su,4,549
612,1kGGcFSFoKao,V3ksL8RRt2uO,5,291
613,eVFyR1qdF9cp,vndXhZ66Bwpl,5,396
614,ho9aYoyNRGoz,2RxPIb6Sjlm1,3,953
615,vsQdmfvAWD0r,DXG0TFaZjGHO,2,516
616,NtSSqXv1Z1Wm,YCMS6jUWbEbe,3,97
617,wKKQzb9dAUqX,CBuRjOln99hg,2,208
618,ksOPq3lpCN7q,tfgKHMdnTKpJ,1,766
619,h72ROPYf0NZZ,l0Q038BC2u3G,4,90
620,xLv8TCOcDRja,V84ooqHQgeH2,3,957
621,QfDwhACQ23Xr,E9OiMOkPkNam,3,342
622,DANH5wY59VqJ,aYw1jx6U0ZzQ,4,221
623,5KikiguTIJxi,kuUbPNBMgk7o,3,405
624,u5AJRhmBLQtz,SESkOgF0nWnh,2,961
625,TbtsPCw8WQLE,06Zem5ml9euJ,3,628
626,UjWlSsOvMunI,ro08JPncYzLh,5,429
627,pX5m0O1CVY5q,lkPBqpnGNyKe,2,254
628,5yQHdJXAhRXb,saFIRNuu8V6H,2,552
629,xXuyshFfSGqs,uicu7Mpz6xlZ,2,490
630,jyNEi4sA1XHY,uCnShK796Rpb,5,848
631,lBKaKG4j0ui5,tRV6VjdwdLAm,5,111
632,hJwNsBgwPR1T,Hwaj6cncrjwO,1,754
633,8WYnlgMCHPfg,YgnBaIterOVh,5,92
634,AuPMpf8VOSEl,SLTlrWtcYt1m,3,451
635,GdoYJd0L7kQo,yZJweQSasMAW,4,371
636,9hWh3oEXIk37,kgF2KLJ8Ao3M,3,912
637,aMtwCLHHpoeJ,8kUYWjdaVCxf,3,928
638,wNuKbMnVl79G,QzAC1fDWMbmk,2,752
639,Ek27mZhuOoA9,R2u3pJSgF7Gr,1,291
640,MZQasNAI9hMb,lSVmLWTOmgtw,2,401
641,JpjzehQbDbkj,bDhxHlkU0GeF,4,247
642,YNo05KYxHSkK,MeFPAUcWfyAo,5,985
643,B547ckd0Xk25,Mh5csf65CB6I,1,770
644,wxmystJmVnr9,hfEa3c65LTA2,1,456
645,LlxtAAKjt6BB,Pb29t2XBfP6Q,2,440
646,V4vVTU7zHvzG,th6S1t44GAij,4,447
647,PNI2HqlPxVjC,fUSMr8Wo77AI,1,114
648,aUXtZtnIPDuq,qI5i1mUxo5tX,1,145
649,sjsJXS4dqORF,AQRgJU930yvK,5,84
650,GVhn8CFjreUV,VCOwCoc0C3aj,1,587
651,mQN6gwjdKwDq,f21OMkeWX2ZC,5,203
652,FcTFYOZdVIPb,mKDM0qdFnNNd,3,670
653,Q5PdpLChztLO,aZ1aneUqyncU,2,701
654,jfawnBBdNXW7,ch26pynh9FL6,2,481
655,MASBy0tcuRH6,eTlPil30tvIn,3,512
656,2z3QE8ykS6G6,htOWZMHmysDe,4,952
657,9LPKszMHCXmc,GJ4e2xEfaCmh,2,12
658,Ay2v3IcvnEC0,EZlH1lJVfFqj,1,381
659,Dylnzoiyze7m,zTW2bowvLdj9,5,229
660,C189p7vaCR3y,VO111AOA1QIP,5,421
661,tjjVJ48RJRsX,mfq8n5MEY4eP,3,693
662,oorEcQrWBvfl,TdryLJINHQ9O,4,818
663,uHTFX5KZZ552,B2udqVNGe7sU,4,506
664,pdGMykmFFgDj,IsLB3oNMsX7k,3,415
665,cFwiYmJnyB33,7IfEqKdKlG9j,5,524
666,rhdeebCOB6yj,YG7qG1MQlhjp,5,701
667,HWPeqVNibzfn,nS95HUh6SK36,1,219
668,2JNCYLmdvAH2,cT3PvVNqyIpQ,2,958
669,Hlt9jp5x4xWS,hoBYqNvOyd5V,3,668
670,L1o7ShmSYfns,2oRZ0O0Cvxg1,3,515
671,SPk3B4arYlL8,UjLE7WsWfgrO,3,945
672,Nwgqc6RT3nva,nvbYOXncMsv0,1,289
673,cxlRG51ZjuQw,5WcLgWtO04vH,4,366
674,hQHdVu2sbmx6,jyqvHPkDKFDV,1,118
675,6sif1NcuL262,4BAZNq7FQZOV,3,345
676,OpGFeXtdj7nX,G16XPtJuiBOe,5,315
677,3QOBUjQztjdg,tfJojxEnA32p,4,677
678,0Re5Spb4iFca,5hqQbR7p5r2D,1,625
679,zCHVrZ0GHK2Q,97fSQlZJl4P8,1,163
680,MxmcZw4pFDum,mwlDII1pL31s,3,759
681,VuMQXK4RMzGG,N9wgqW59QGza,3,785
682,PpeesJBkOaTQ,n3QjhUa3JbkT,4,850
683,h3L9OFLCfZKT,fJOMyLSpholI,3,452
684,2mCF9Qq5JA0K,DMB6KqQisnZE,3,678
685,WBzNXQwnvf9N,0vbEvli2JYJu,3,840
686,Hzc80QNBH5b7,xl7fxh09W8xU,2,893
687,lvhLGqRpRQ9l,bumRSmIPLuYa,5,906
688,LgX87UjBx5Uq,Hh61P9XhdxJT,2,743
689,vkhyJLZVeDlY,jcZ2MOqKsGsh,2,676
690,CXGd1TZ83Lqq,OEoHcaKHbdiB,3,388
691,raY7LnImf4YC,Ggd3U51peXoq,1,999
692,vfVPJYLuheO1,etUc3o0rjL6e,2,828
693,LSxM8LyaxuCq,lFGT2p3CDtxY,2,828
694,b5llBjz19SBV,daiqbsoofbQ7,3,149
695,vZqMaYwuLr3S,dAz11YkQkoue,2,614
696,2WJjfsTcJSiF,KocIrz6J906g,4,999
697,PzjRvjkAchRE,xj8TsBOfCz2Q,4,45
698,XOiPYy1YRGgL,LEtlZnZPgiXx,3,677
699,qTSdp389nzzW,dtkkSAYxncfA,5,426
700,I3mTliYfojwn,WLCpnwy0jsjj,2,392
701,U9CzxASyA4dA,90K0C1fIyQUf,1,348
702,ybtQbouyUcON,qejhpMGGVcsl,1,521
703,ZINGGVvn67HZ,qUS5d2pEAyxJ,2,760
704,gnlPnWmWWtXK,639iGvMyv0De,4,521
705,rDmHn42asc0j,1lycYGcsic2F,5,327
706,UWs6EG8yEllk,TpFZIk33uyGn,4,143
707,eubddakM7h7B,Y0T4Ca4BXK8U,2,659
708,VxUGrNCLLdYi,IUykT5z5LcPW,3,80
709,jvf1jaFnBAOA,0UHKKyYmxWfq,5,106
710,A9JeqVL0Pv3Q,MJ82dNJNiV7U,5,294
711,oIsaiC3amgaE,wdV7yJzaz3Su,1,563
712,YZpF4vLSjkKn,V3ksL8RRt2uO,3,952
713,oBZnpKxgXjOQ,vndXhZ66Bwpl,3,983
714,m2EF75bkS4Wg,2RxPIb6Sjlm1,1,815
715,0Tj5Lu0OZ2mg,DXG0TFaZjGHO,2,341
716,vf6uiRPeifs0,YCMS6jUWbEbe,2,611
717,6loUxcvLjhxa,CBuRjOln99hg,2,54
718,SW4Rjkf6N6K5,tfgKHMdnTKpJ,1,289
719,3wwXY90knHt7,l0Q038BC2u3G,3,43
720,20mBCinOeGa8,V84ooqHQgeH2,4,867
721,2meHPtH0sBXq,E9OiMOkPkNam,5,902
722,GEnjEjX8Q65Y,aYw1jx6U0ZzQ,4,380
723,E0xwRKhuvmc9,kuUbPNBMgk7o,1,161
724,7Cpbb2Bb2tqE,SESkOgF0nWnh,5,227
725,xJ9sj2MYyWWX,06Zem5ml9euJ,3,607
726,FgH3tZB0TzFU,ro08JPncYzLh,2,743
727,YALoNfTRM8AY,lkPBqpnGNyKe,5,534
728,tz7MStBdMauL,saFIRNuu8V6H,2,315
729,cGFOCypExeVj,uicu7Mpz6xlZ,3,36
730,peUUkDpH9uwp,uCnShK796Rpb,3,542
731,0a0B5hOofZtY,tRV6VjdwdLAm,1,532
732,ZkOEw6dzDevL,Hwaj6cncrjwO,5,57
733,05HlfQibjdaI,YgnBaIterOVh,3,337
734,26Nqi73tsPdj,SLTlrWtcYt1m,2,413
735,H5OhxoCXXNrU,yZJweQSasMAW,2,314
736,kZmwISeqVkKq,kgF2KLJ8Ao3M,5,773
737,e0BhV0EOs2nG,8kUYWjdaVCxf,2,756
738,JbD5QB5SqOLw,QzAC1fDWMbmk,5,29
739,uidPKymE0rX3,R2u3pJSgF7Gr,3,469
740,SmXZE8ADedCW,lSVmLWTOmgtw,4,460
741,LJ5Z8B9RGXxq,bDhxHlkU0GeF,2,959
742,y1ftNTmRcTx0,MeFPAUcWfyAo,2,659
743,Sm8Khxs2YLxx,Mh5csf65CB6I,2,454
744,e7u1jJDEhC1V,hfEa3c65LTA2,4,527
745,pE6vs2FWDrnM,Pb29t2XBfP6Q,1,392
746,ADpft8F8Hjdh,th6S1t44GAij,1,410
747,oLm4TjiLuMRJ,fUSMr8Wo77AI,4,960
748,WAoZxSGU9U5S,qI5i1mUxo5tX,2,230
749,3U8eAfCvZfvl,AQRgJU930yvK,4,716
750,RDFFHiUrZErg,VCOwCoc0C3aj,1,690
751,ycbzhxgrDweN,f21OMkeWX2ZC,5,866
752,QVxfahPatmer,mKDM0qdFnNNd,2,304
753,bgoEqjTjnoD7,aZ1aneUqyncU,2,312
754,nP0NxekWvvRJ,ch26pynh9FL6,2,251
755,pTMINIBlhxIU,eTlPil30tvIn,5,670
756,cAEUtDk6gqka,htOWZMHmysDe,4,615
757,LlNbzb0KrAPT,GJ4e2xEfaCmh,4,125
758,aUkfDCtjwPru,EZlH1lJVfFqj,5,940
759,noEO0wUeHCsN,zTW2bowvLdj9,1,868
760,aCK1XHHf1fum,VO111AOA1QIP,4,941
761,iHhoOx3ArRMf,mfq8n5MEY4eP,5,408
762,KPBAw17tvH6l,TdryLJINHQ9O,4,71
763,BVYCKGrYYMa1,B2udqVNGe7sU,4,744
764,X8MtryPNwnEO,IsLB3oNMsX7k,2,438
765,ZZ2qAKpbDpWM,7IfEqKdKlG9j,4,33
766,AuHyI7aHSWWD,YG7qG1MQlhjp,3,745
767,o0MePg6Vsjtd,nS95HUh6SK36,5,544
768,Ya0bKdSRN6cZ,cT3PvVNqyIpQ,1,279
769,ecwltjwbhKy3,hoBYqNvOyd5V,5,918
770,XCadlMhpZzya,2oRZ0O0Cvxg1,2,882
771,yKDIdgM8WFdz,UjLE7WsWfgrO,1,553
772,d02siLyNoFlG,nvbYOXncMsv0,1,410
773,mBwXjSkuWt5v,5WcLgWtO04vH,3,1000
774,9SGLROCyu49t,jyqvHPkDKFDV,2,638
775,ksRHlp1aNMKn,4BAZNq7FQZOV,3,371
776,KxNffHUKrdcv,G16XPtJuiBOe,4,856
777,pA1r70IqoIw7,tfJojxEnA32p,2,981
778,AuFgdyQ6UJEB,5hqQbR7p5r2D,4,567
779,YulIBaFUj66R,97fSQlZJl4P8,1,143
780,PPNDIe2xTadL,mwlDII1pL31s,2,891
781,H5pYnCSFkzXG,N9wgqW59QGza,5,738
782,oQvVlveZFVO4,n3QjhUa3JbkT,5,102
783,ttHorFpzlIyI,fJOMyLSpholI,5,671
784,jm7hzoBSH5ov,DMB6KqQisnZE,3,981
785,zn55MteMunpY,0vbEvli2JYJu,3,709
786,E8bEaZ3ToDxq,xl7fxh09W8xU,3,532
787,17Lriecl3D0I,bumRSmIPLuYa,2,511
788,DY2D9uOFaz69,Hh61P9XhdxJT,5,950
789,56POPo3cS9sM,jcZ2MOqKsGsh,1,427
790,ESfNXBWr8K0u,OEoHcaKHbdiB,5,550
791,tWUsg1GF5Yus,Ggd3U51peXoq,3,385
792,UAVYeFEzP8K8,etUc3o0rjL6e,2,795
793,CwN3m2MlYkT9,lFGT2p3CDtxY,4,584
794,rdDyNHlVOW9P,daiqbsoofbQ7,3,218
795,JtdZhLB6hFMi,dAz11YkQkoue,4,893
796,ZBSjSdKIXtxI,KocIrz6J906g,4,381
797,8iC5QkxZE6H6,xj8TsBOfCz2Q,2,774
798,O7vNQJW12xAL,LEtlZnZPgiXx,5,748
799,yxQIOnuld7Vv,dtkkSAYxncfA,2,425
800,oSto73LMEIGu,WLCpnwy0jsjj,2,356
801,xYJiyxsiUE5F,90K0C1fIyQUf,2,532
802,m5KpxHvzaqjs,qejhpMGGVcsl,2,252
803,1wxqRGy23Cd9,qUS5d2pEAyxJ,1,725
804,5gehdPGMtZvR,639iGvMyv0De,1,237
805,tKJsZWGXuwQn,1lycYGcsic2F,1,287
806,m3Qw1ELsEPTB,TpFZIk33uyGn,2,969
807,lMy95sHz9v8D,Y0T4Ca4BXK8U,3,845
808,PxLglhaqHRbr,IUykT5z5LcPW,1,96
809,1CJT3PJh131h,0UHKKyYmxWfq,4,243
810,kVWfUmb7YH2f,MJ82dNJNiV7U,1,894
811,iY9YA44fe4cg,wdV7yJzaz3Su,3,931
812,ko2sUcaAMFvu,V3ksL8RRt2uO,1,588
813,jqCoQha1toAy,vndXhZ66Bwpl,5,563
814,liW6Fgv1Q5yx,2RxPIb6Sjlm1,3,950
815,r5MjD4B2pAqn,DXG0TFaZjGHO,2,803
816,jk1MbQPLCqOA,YCMS6jUWbEbe,3,593
817,hf6j5LbPu1cS,CBuRjOln99hg,1,561
818,DsmFf6HR0fr7,tfgKHMdnTKpJ,1,779
819,bAKWu5HY71B0,l0Q038BC2u3G,4,419
820,PDHGnrIHpOTH,V84ooqHQgeH2,4,847
821,7RUT9m9Ly4k9,E9OiMOkPkNam,2,463
822,5OxRd6fsdTZk,aYw1jx6U0ZzQ,5,689
823,AgKHnVGNbaEV,kuUbPNBMgk7o,4,569
824,9B2C7BqTYjHJ,SESkOgF0nWnh,2,649
825,Kbrzj70M0WNn,06Zem5ml9euJ,5,588
826,bjDfEmgMEDpU,ro08JPncYzLh,2,255
827,RepFH3apgjvG,lkPBqpnGNyKe,3,344
828,xRGmMz1nfUs8,saFIRNuu8V6H,5,554
829,uiT4k1l5p2rF,uicu7Mpz6xlZ,1,206
830,WGSNdmUmB4Eg,uCnShK796Rpb,4,317
831,B2GjJEgQkP5S,tRV6VjdwdLAm,5,178
832,eoMAkNbPDEe6,Hwaj6cncrjwO,3,475
833,uwMj50GV83BY,YgnBaIterOVh,5,279
834,agWkMEYuAUsq,SLTlrWtcYt1m,3,189
835,bNd69LlXmb6B,yZJweQSasMAW,5,756
836,I1SHjNqiPp2x,kgF2KLJ8Ao3M,3,262
837,FiXiQ2jJAOko,8kUYWjdaVCxf,3,105
838,sa5f8xFoemLH,QzAC1fDWMbmk,5,32
839,wQIC1Fv3kbNv,R2u3pJSgF7Gr,3,54
840,MdyQaF1xjArW,lSVmLWTOmgtw,2,89
841,EL99Y78lnlDu,bDhxHlkU0GeF,2,268
842,YgNJqCtX17Kc,MeFPAUcWfyAo,1,530
843,M1CD6MRDtElk,Mh5csf65CB6I,1,471
844,BW3xumGh8076,hfEa3c65LTA2,4,818
845,KZQmjZDKKrZT,Pb29t2XBfP6Q,5,566
846,YtcfbazLG1lG,th6S1t44GAij,5,177
847,2pAHDYulNpS4,fUSMr8Wo77AI,3,458
848,E7q2uEiL6uy3,qI5i1mUxo5tX,4,494
849,NUaeUrz5y2Dk,AQRgJU930yvK,2,824
850,bQo7VI5x351c,VCOwCoc0C3aj,4,155
851,5HzkXb6bsoEK,f21OMkeWX2ZC,4,199
852,AP2YVWUwk4vW,mKDM0qdFnNNd,4,892
853,iHIdznQ1MNV7,aZ1aneUqyncU,1,715
854,fsgOD7KhUPbC,ch26pynh9FL6,5,750
855,u6OKG4vAONF0,eTlPil30tvIn,2,371
856,xGCqeuyxN6yv,htOWZMHmysDe,1,81
857,VXAtLHTyJfnb,GJ4e2xEfaCmh,5,731
858,44v9NPOUgUsH,EZlH1lJVfFqj,5,139
859,pwnpnTMeyOJL,zTW2bowvLdj9,1,558
860,DbtyPnYiP8w7,VO111AOA1QIP,5,253
861,88jyWK8UtRpJ,mfq8n5MEY4eP,2,553
862,Bi61b60fIk02,TdryLJINHQ9O,4,154
863,skOWBWpi8a1d,B2udqVNGe7sU,3,500
864,33hf9BeM2xsl,IsLB3oNMsX7k,3,514
865,6xYoUn8Pt5yT,7IfEqKdKlG9j,2,813
866,kGYYO1k29uUn,YG7qG1MQlhjp,1,322
867,3UC3gQ6x3xnT,nS95HUh6SK36,4,406
868,VMY9b55qOBfr,cT3PvVNqyIpQ,1,903
869,47FTGzwFKp93,hoBYqNvOyd5V,2,160
870,gfvGqGgbsM0T,2oRZ0O0Cvxg1,3,664
871,8s6FihqV8Med,UjLE7WsWfgrO,2,372
872,kTsy3egNRR4l,nvbYOXncMsv0,4,602
873,vDSaCBPcQ3Ie,5WcLgWtO04vH,2,48
874,WjTifY9aykcZ,jyqvHPkDKFDV,5,69
875,UBQ1SPANGRyw,4BAZNq7FQZOV,2,56
876,N8ibkTjSoTCy,G16XPtJuiBOe,1,689
877,ehE4rCz4Lk8C,tfJojxEnA32p,3,626
878,5uzvoibX8FHC,5hqQbR7p5r2D,3,490
879,EA2ZG62zNeiX,97fSQlZJl4P8,5,573
880,ZP4Szmz7yHVF,mwlDII1pL31s,2,924
881,VqyZ6AUjmqsW,N9wgqW59QGza,3,130
882,cNdxjkLseYtJ,n3QjhUa3JbkT,3,222
883,YpeuCkJBAADD,fJOMyLSpholI,1,482
884,dcRmdVPaLbev,DMB6KqQisnZE,3,953
885,DFX0kbuliZ9U,0vbEvli2JYJu,3,826
886,wZbKu5eqxBPY,xl7fxh09W8xU,4,160
887,cl3E8qDk7F1J,bumRSmIPLuYa,5,163
888,3PToRTgOzCru,Hh61P9XhdxJT,2,994
889,hlczNrG9OELh,jcZ2MOqKsGsh,1,745
890,K7LYTRlYmqtl,OEoHcaKHbdiB,2,928
891,8fXKrOp6zwBJ,Ggd3U51peXoq,5,762
892,bk8FRhBPYMRp,etUc3o0rjL6e,3,260
893,MgWhJ1YqWduV,lFGT2p3CDtxY,1,173
894,8aenQzLD9Jtz,daiqbsoofbQ7,2,605
895,H2pnbcDMmFd2,dAz11YkQkoue,1,19
896,sDnywjXX9Ovd,KocIrz6J906g,4,139
897,0JuqQIwfLYnT,xj8TsBOfCz2Q,4,79
898,VxaTT0SCp2Tj,LEtlZnZPgiXx,2,638
899,Imxs1M7UkpcO,dtkkSAYxncfA,5,925
900,NFUpGDCwLMFM,WLCpnwy0jsjj,2,69
901,BBc5FPIA3R9c,90K0C1fIyQUf,5,68
902,WrgoxKAoL2Ar,qejhpMGGVcsl,5,130
903,a6FkXB8GXpMj,qUS5d2pEAyxJ,5,827
904,M95HRGwG9nTB,639iGvMyv0De,1,736
905,D9DfMxLyuS8I,1lycYGcsic2F,4,546
906,wbWST0HtOM9N,TpFZIk33uyGn,1,31
907,8qv6FVrwGI9s,Y0T4Ca4BXK8U,4,697
908,IKTPbNd2qqVT,IUykT5z5LcPW,5,544
909,mT8HsPe0k5po,0UHKKyYmxWfq,5,328
910,3fvUAar1TrEX,MJ82dNJNiV7U,1,347
911,BdGzmn2R6z0l,wdV7yJzaz3Su,3,777
912,NwwWAkuPNHfJ,V3ksL8RRt2uO,3,656
913,tWEDUjAyLHfB,vndXhZ66Bwpl,5,68
914,frlMnNZkwIfK,2RxPIb6Sjlm1,3,891
915,cqahLCkCpvJX,DXG0TFaZjGHO,4,349
916,38sHRdAddNfN,YCMS6jUWbEbe,3,547
917,vkJkawHwMxHz,CBuRjOln99hg,2,252
918,hkJ65f3ziGJY,tfgKHMdnTKpJ,2,862
919,rOxcQzPke17d,l0Q038BC2u3G,2,987
920,lRjC3RiT6wre,V84ooqHQgeH2,2,333
921,FH1y0JwZlD7v,E9OiMOkPkNam,2,988
922,W9JhidTkaJPs,aYw1jx6U0ZzQ,5,91
923,V644kANWdsvV,kuUbPNBMgk7o,1,455
924,LLqcRdy0VeZz,SESkOgF0nWnh,1,72
925,54FbBzdWakyi,06Zem5ml9euJ,3,900
926,HwE4acvLG9Qx,ro08JPncYzLh,3,820
927,SowE9v1csziL,lkPBqpnGNyKe,4,951
928,bs9I096kAHZt,saFIRNuu8V6H,4,363
929,KHe8e4f74UgF,uicu7Mpz6xlZ,5,662
930,1DXRQXbvV7Yl,uCnShK796Rpb,1,659
931,KHgXIZ1xGqkI,tRV6VjdwdLAm,4,976
932,MkclTFFe4Mf5,Hwaj6cncrjwO,1,677
933,xgJnoTQG5L5j,YgnBaIterOVh,5,545
934,ejc5FFFjFyMI,SLTlrWtcYt1m,5,550
935,792LRSjJ5uuh,yZJweQSasMAW,3,363
936,XZqvwXONvpUO,kgF2KLJ8Ao3M,4,402
937,kkfISIg14mg9,8kUYWjdaVCxf,5,722
938,txD5t3ZhTLa1,QzAC1fDWMbmk,5,37
939,xvS6Ks70wTfe,R2u3pJSgF7Gr,2,946
940,ZcGHN6kqHOhf,lSVmLWTOmgtw,1,730
941,DxwkvVOvSVs8,bDhxHlkU0GeF,5,213
942,Q7Y8hj2sHcLh,MeFPAUcWfyAo,3,682
943,kRLCwzhXYIob,Mh5csf65CB6I,1,383
944,QEHMXHqTRYbH,hfEa3c65LTA2,3,169
945,WQMrpWAFf987,Pb29t2XBfP6Q,3,154
946,pLNRchGrEzRm,th6S1t44GAij,1,381
947,96FRQU1c4Xxp,fUSMr8Wo77AI,2,590
948,LsXC0OpFSno8,qI5i1mUxo5tX,1,831
949,iljarHAQ7ucB,AQRgJU930yvK,4,164
950,kcZa5fyE5ylY,VCOwCoc0C3aj,4,880
951,KpzPtypPHb4n,f21OMkeWX2ZC,3,811
952,zE18xrJBI42T,mKDM0qdFnNNd,3,552
953,r5T33k2VvBfI,aZ1aneUqyncU,1,554
954,qg2zjaeExjFd,ch26pynh9FL6,1,380
955,Lp7sq0wBVfdL,eTlPil30tvIn,5,931
956,GqUfmMlfnZXd,htOWZMHmysDe,2,562
957,9La1YDy9PDH7,GJ4e2xEfaCmh,4,830
958,78QQHJ9LT2hl,EZlH1lJVfFqj,5,457
959,9Vs3YaSvvMx2,zTW2bowvLdj9,1,390
960,utfLirOjt9kh,VO111AOA1QIP,3,843
961,heFoilJgIicV,mfq8n5MEY4eP,3,298
962,8KhRrIhsNxvv,TdryLJINHQ9O,4,77
963,95gzdwNbLfTd,B2udqVNGe7sU,4,870
964,oG3rsFRMPIIP,IsLB3oNMsX7k,5,492
965,60fp1UUgwlZ2,7IfEqKdKlG9j,1,228
966,tMy5T8njSpqz,YG7qG1MQlhjp,5,234
967,AxuCtMBE95Q6,nS95HUh6SK36,3,585
968,rAiatkNN66Q0,cT3PvVNqyIpQ,2,286
969,NeRlDWBFzVrY,hoBYqNvOyd5V,4,216
970,NSa3Od0wvDIf,2oRZ0O0Cvxg1,4,568
971,q43ptBQkqVcX,UjLE7WsWfgrO,5,959
972,Z9Qh4yggjxvA,nvbYOXncMsv0,2,76
973,UtCLDzcPKksZ,5WcLgWtO04vH,1,781
974,nuxHMfCTs4o6,jyqvHPkDKFDV,2,387
975,nJlm0M7FkKrD,4BAZNq7FQZOV,5,795
976,FmcDEeFEMirN,G16XPtJuiBOe,3,617
977,GLY89KCY1unu,tfJojxEnA32p,3,72
978,vzsSTAVxmNmu,5hqQbR7p5r2D,4,825
979,L5XVCh28ClDT,97fSQlZJl4P8,2,342
980,lKh7nPMfdw2d,mwlDII1pL31s,1,119
981,vnESuMvq0gJ7,N9wgqW59QGza,5,944
982,LtwT9iUKBmWu,n3QjhUa3JbkT,3,599
983,SI4QK2utwdbo,fJOMyLSpholI,3,218
984,J7spWAMqSQ0u,DMB6KqQisnZE,1,795
985,w5I9OLr1KtRi,0vbEvli2JYJu,1,995
986,07B7qmxrDGYe,xl7fxh09W8xU,3,696
987,FTH9Ilp4OdpX,bumRSmIPLuYa,4,99
988,qpwK6IF8A40k,Hh61P9XhdxJT,1,616
989,av6Tdw2WjbKI,jcZ2MOqKsGsh,2,292
990,GQVh79uT6xFW,OEoHcaKHbdiB,3,66
991,yMY2Q7fAZNGk,Ggd3U51peXoq,5,962
992,ZiMlNZS9dLPd,etUc3o0rjL6e,4,662
993,U9noRbeiI2Yt,lFGT2p3CDtxY,4,45
994,0ab7Qdrfjd6L,daiqbsoofbQ7,4,716
995,SEhajO7m1yIV,dAz11YkQkoue,4,922
996,AZNIkMV0GQwc,KocIrz6J906g,2,834
997,Bt71dyuIBnJO,xj8TsBOfCz2Q,2,147
998,tZTPLoywD0xj,LEtlZnZPgiXx,4,262
999,B4FfW1c4b0RB,dtkkSAYxncfA,4,243
1000,go2QqroS6MHI,WLCpnwy0jsjj,1,579
