order_id,customer_id,order_date,order_status,discount_amount,shipment_carrier,delivery_date,delivery_time_days,order_month
u6rPMRAYIGig,hCT0x9JiGXBQ,2024-08-13,Shipped,0,DTDC,\N,\N,8
ZPtEC8wwF6WC,PxA7fv9spyhx,2024-07-22,Cancelled,0,Delhivery,\N,\N,7
F8EbvNo4GhiG,g3nXeJkGI0Qw,2024-10-26,Shipped,43,DTDC,\N,\N,10
xj31p7wHOd6X,EOEsCQ6QlpIg,2025-01-16,Cancelled,0,FedEx,\N,\N,1
ohY8f4FEbX19,mVz5LO2Vd6cL,2024-12-04,Delivered,0,FedEx,2024-12-07,3,12
I28liQek73i2,UkqnhxmX7YMP,2025-01-16,Delivered,0,FedEx,2025-01-23,7,1
bBG1T89mlY8W,85jiDiGSfhTu,2024-10-29,Delivered,0,FedEx,2024-11-02,4,10
n5anh2ES0Qrx,gDdkaN8b9s1g,2025-02-12,Delivered,55,DHL,2025-02-19,7,2
ZAZc30nO7mBG,9Csx6oXlpLl1,2024-12-12,Cancelled,0,BlueDart,\N,\N,12
SoQynNVGWmGN,gZTPKLPRnreg,2025-04-25,Cancelled,0,DHL,\N,\N,4
9U8Q6btOgIlI,TDEBQrhIwApB,2025-02-19,Shipped,68,FedEx,\N,\N,2
oSyS0JoHQjtO,1k71TCYNFCzj,2025-04-28,Delivered,17,BlueDart,2025-05-02,4,4
2h0BGlUwGRS1,IfWKDQHkjLDd,2024-07-19,Placed,0,DHL,\N,\N,7
NQuyw3LJgPgc,kZ0rkJCJ6N5y,2025-03-21,Shipped,63,FedEx,\N,\N,3
5AI7yWNtkxDG,zsCKIdqYLV01,2025-05-20,Cancelled,84,FedEx,\N,\N,5
0bLeA89iFL8i,FrEvnEiMKGpr,2025-05-29,Placed,0,DHL,\N,\N,5
1jjbu6TXyRch,3zvaY9gUH9bO,2024-10-29,Delivered,68,DTDC,2024-10-31,2,10
Re014mariwwi,bUornDCZmRD4,2024-11-19,Delivered,63,BlueDart,2024-11-22,3,11
amNpLmLRtqds,qEVfsXFU3er9,2024-09-17,Placed,0,DHL,\N,\N,9
djhHtQyPdTWI,mPg90mQwmDOP,2024-09-14,Shipped,0,DHL,\N,\N,9
J3NBaP7MoqMg,v6GelvnCrAk5,2024-11-07,Cancelled,0,FedEx,\N,\N,11
vgZoQIXiEWps,lZ0pUFQvjZNA,2024-08-27,Cancelled,27,FedEx,\N,\N,8
UGOUFp6lOvfy,ckZATUjYdFd3,2024-09-16,Placed,43,Delhivery,\N,\N,9
FBBEfDzPKZG9,GuxDt46GwQEd,2025-06-01,Placed,0,Delhivery,\N,\N,6
W1NJYnYkaukv,SPV4UclettEh,2025-03-26,Delivered,0,DTDC,2025-03-29,3,3
PmtQlxTGKPcA,GpdbWoJi61Qc,2025-04-30,Delivered,0,DTDC,2025-05-05,5,4
t4nJirEExSQ1,KD8KlSTtIm3Z,2025-06-15,Cancelled,0,DHL,\N,\N,6
CYxJJSQS8Lbo,QU7yWUgfIpJX,2024-08-25,Placed,0,FedEx,\N,\N,8
kUkQCFPtDvrC,rgjb3WchpjHg,2024-09-10,Shipped,26,BlueDart,\N,\N,9
eV98svHRmPNG,JyHhNu9cbCo1,2024-10-05,Delivered,0,FedEx,2024-10-09,4,10
b2tsoISX5lnP,Jw0zo2CWiEs7,2024-12-28,Cancelled,0,BlueDart,\N,\N,12
O0D3th8M88nF,MXiUFyGLUs2Z,2025-04-21,Cancelled,0,DTDC,\N,\N,4
yBTGlSf8GGMV,oiBrZODbJTvz,2025-04-01,Delivered,44,DHL,2025-04-03,2,4
6pnw4hyUDAML,mcuPjOLRkNpR,2024-07-12,Delivered,55,DHL,2024-07-16,4,7
8imv30tsvjS6,yOjH9Exn64WQ,2025-03-04,Delivered,71,Delhivery,2025-03-10,6,3
OoHJ0WBqlxln,yca6TkmY4yQm,2024-09-08,Placed,0,DTDC,\N,\N,9
mekmxzX7xg66,LooHWGt3K5gp,2024-09-11,Shipped,0,DTDC,\N,\N,9
AN0LPeDjWUza,oZqYD7eyV1EJ,2025-06-10,Delivered,0,FedEx,2025-06-16,6,6
zgIMZEReS5B1,0hj86xqZbYSV,2024-10-16,Shipped,0,FedEx,\N,\N,10
sqqcJi5UVxtn,l2wCGNSY1l3Z,2024-09-15,Delivered,0,DHL,2024-09-22,7,9
iuJIJeB4vf0M,ukZ709Rl8bdF,2025-03-07,Placed,0,Delhivery,\N,\N,3
v6heTvA4ecgM,iFsAJRrzVaTS,2025-02-22,Cancelled,0,Delhivery,\N,\N,2
726qzHfAqEZO,tSG89uyaK6MS,2025-01-31,Delivered,0,FedEx,2025-02-04,4,1
2z0J1TsDQcfv,Ex7BhwPvrGyQ,2025-04-22,Cancelled,0,Delhivery,\N,\N,4
9bqV6nH4nfrW,f4Frm4WEvj1g,2025-01-06,Shipped,76,BlueDart,\N,\N,1
SPsLXC6EZB6w,ORO4ADUB1jHd,2024-12-12,Shipped,0,DHL,\N,\N,12
TeZ0nzyvsRRN,jQ0u9oBPe3Mg,2025-04-27,Shipped,0,Delhivery,\N,\N,4
QLqDouIaUQyr,0I8vL0BlM1p1,2025-03-07,Delivered,77,BlueDart,2025-03-12,5,3
bY2cGOI6XpVK,JtX09eqY5lk3,2025-03-27,Delivered,0,DTDC,2025-04-01,5,3
QWzeukLNfMeF,sk3z82bQhZAO,2025-01-17,Delivered,62,DTDC,2025-01-20,3,1
pKPwllWcu4W3,eSqRKROmKF9Y,2024-07-15,Cancelled,0,DHL,\N,\N,7
NzTOIsBiUKrl,SNzA2roBQaGK,2024-07-01,Shipped,77,FedEx,\N,\N,7
mNxi2hOZpFeh,IGPOK4wVaGbv,2025-02-12,Placed,0,DHL,\N,\N,2
8WTKsujGSPr0,45WzrefbE0kB,2024-12-01,Cancelled,0,BlueDart,\N,\N,12
aVIcG7VKLPWV,dGD1MVag3snm,2024-12-02,Placed,74,FedEx,\N,\N,12
Fie0ynZ7drmB,EI8c9beFpTSQ,2025-04-14,Cancelled,0,DTDC,\N,\N,4
VFDder0yq9I9,YanexVtkhb2B,2025-03-03,Placed,0,Delhivery,\N,\N,3
M9fSx7DrrYb9,iaDXrhsLGSc6,2025-05-16,Shipped,61,FedEx,\N,\N,5
8GeclE4Rp2QR,hWGGX7sEla9R,2024-11-01,Delivered,0,DHL,2024-11-04,3,11
NTvOc3tRPuW5,MNcdWG4E5iDb,2024-12-03,Delivered,0,DTDC,2024-12-09,6,12
Yhkot2w7WEXz,7mxdMPX1ERJj,2024-07-04,Placed,0,DHL,\N,\N,7
mlof9iBBk8YB,JJe2PPwxISzG,2025-01-09,Shipped,0,Delhivery,\N,\N,1
qvrK7ROfp1w6,cnalXbv8lRur,2025-05-11,Placed,0,DHL,\N,\N,5
Io6QaiAgVYoZ,Vpl3DrXMAEhb,2024-10-03,Placed,0,BlueDart,\N,\N,10
AdQYiwpmbcZs,cWwtMYBNlwy1,2024-12-17,Cancelled,0,BlueDart,\N,\N,12
uNUwbkr3jhfD,bEh2OYyGVzcI,2025-02-13,Shipped,0,DTDC,\N,\N,2
Xknxc0MlpwU6,3JeAegsqlpZ1,2025-04-26,Placed,0,FedEx,\N,\N,4
TmyZSJp1HpV7,6gl6qALuNSUL,2024-12-31,Placed,24,DHL,\N,\N,12
6QNUKHTlKzQz,rAV7gKaOWkEy,2024-10-01,Delivered,0,BlueDart,2024-10-03,2,10
j4hiZpWSGa1T,CiOHqzRk5bbt,2024-12-04,Placed,0,DTDC,\N,\N,12
GNz6cxwDUyoM,tIPFV5qJBgvT,2025-02-16,Shipped,0,BlueDart,\N,\N,2
FXRNx6tgp5qm,yD2x7GOSsjqA,2025-05-27,Delivered,0,DHL,2025-05-30,3,5
6J3ZtW3UMsR9,a9gFQyCfrVym,2025-03-20,Placed,0,Delhivery,\N,\N,3
t0EtYo45Wcw7,dXsploeBzop3,2024-08-06,Cancelled,0,DTDC,\N,\N,8
cl0NeDXDu7fb,9tQzKeNKhIoQ,2024-10-02,Cancelled,80,Delhivery,\N,\N,10
bJx1zp3tvlFI,TLYzpBJ3Cbnv,2024-12-16,Shipped,0,BlueDart,\N,\N,12
CKtqZeTFa6Ov,J2bElQYq3gEQ,2024-10-31,Cancelled,0,DTDC,\N,\N,10
e7xeH7PfGWFM,lFEdYUjKo6tu,2025-02-12,Placed,0,FedEx,\N,\N,2
GFTwjcw6q56j,8tpStNEuJ43p,2025-03-18,Placed,49,FedEx,\N,\N,3
yEA6uAyJrtyn,qvo2fc2aRUvp,2025-04-03,Delivered,0,Delhivery,2025-04-06,3,4
y7ICBanZzdHp,pk1Ke0Nxac36,2024-09-18,Shipped,0,Delhivery,\N,\N,9
9KtbBt5zy7sx,UlqYPqEYgETA,2025-01-11,Cancelled,0,Delhivery,\N,\N,1
sWGOVCBlIYpQ,M7wmpVTfmiFp,2024-10-18,Placed,0,FedEx,\N,\N,10
eWUac9oeh1tv,4YfVSBGWPVdv,2024-11-28,Delivered,0,DTDC,2024-11-30,2,11
hTsd7hsjSQkN,pqIfz7jRxaKh,2024-08-22,Shipped,0,DHL,\N,\N,8
8lM7XW1XJ9eM,5XGKxFrzDdYP,2024-12-06,Shipped,0,FedEx,\N,\N,12
7Z0hXerVDxYV,oWBBqGwqpx4m,2025-05-10,Shipped,0,BlueDart,\N,\N,5
y9rnhHHoMPVi,EeCs1w6JNdPU,2024-09-25,Cancelled,0,DHL,\N,\N,9
uCkWTkJzyQRA,hgHQgpZ9rVHu,2025-01-24,Delivered,0,Delhivery,2025-01-29,5,1
9HRvyYtiYj08,uvuFFZDOAlU7,2024-12-15,Shipped,88,DHL,\N,\N,12
kHpIb3Vhkr2B,bVaqeOVzrNj1,2024-07-31,Delivered,0,DTDC,2024-08-02,2,7
JHwaDSRd7Yqk,EZkjVsEKMQF0,2025-04-21,Cancelled,12,DTDC,\N,\N,4
PqlLQqphGWMG,LkYwWbX35V3p,2025-01-31,Shipped,79,Delhivery,\N,\N,1
J8Bc43diiiwa,paCiJAGDh54D,2024-12-21,Placed,0,Delhivery,\N,\N,12
bZFqy2PEMhhc,wuCRBXrAQIyN,2024-08-06,Cancelled,0,DHL,\N,\N,8
T4K1lnPN7lH9,jsuJ85mr7Rlb,2025-05-22,Cancelled,0,DHL,\N,\N,5
ub5scd3uMflH,7qqTmdyVGDMP,2024-10-05,Shipped,0,Delhivery,\N,\N,10
RXr0Pq0a2arg,ebCRKHmjYa2q,2024-08-01,Delivered,10,BlueDart,2024-08-08,7,8
yAmRuBPWp1vO,ap5gXjoc79ju,2024-12-30,Delivered,70,FedEx,2025-01-04,5,12
2QIVkkyZ8RSQ,63cb18M1Z31w,2025-03-14,Delivered,0,Delhivery,2025-03-16,2,3
YeL4SAuZWnm6,cIIcBGeYxzLl,2025-04-17,Placed,0,FedEx,\N,\N,4
V31QKgYddF4p,asn6Y9BiG6Ma,2025-04-03,Delivered,0,FedEx,2025-04-05,2,4
OGBnugiiwsQ7,MdXOdiX1GYJB,2024-08-29,Placed,76,DHL,\N,\N,8
VTZa4KTg0syY,DFT8eetndqim,2024-10-28,Delivered,0,Delhivery,2024-10-31,3,10
cfV2FFpdyahv,pfARTA1RWJhn,2025-04-26,Cancelled,0,Delhivery,\N,\N,4
t11DDNtIIXGr,G7fLaaLEAieo,2025-01-31,Placed,0,BlueDart,\N,\N,1
E8AKfhtGs86K,VOohNhPUdkDS,2024-08-03,Shipped,0,DHL,\N,\N,8
tCK55o06SO34,dvl5K6eo1ouv,2024-11-13,Placed,0,DTDC,\N,\N,11
OR0wt8h1DIKb,Nxs89iJKBJ8Z,2025-06-08,Cancelled,0,DHL,\N,\N,6
aHzSMYk4vQMK,fo2DhPj0geOU,2024-08-22,Cancelled,0,Delhivery,\N,\N,8
qHQXGVVCHZYY,ufG7Q9l2g5Dn,2025-01-29,Cancelled,0,Delhivery,\N,\N,1
BUPnDHEpTEYw,uJZ6s76zSxtN,2024-11-08,Cancelled,0,BlueDart,\N,\N,11
xpfzksDexXMI,gngo3QnJVUXB,2025-03-20,Delivered,0,DTDC,2025-03-26,6,3
P3Yh81rTtDQb,HtPYXtaKFzex,2024-06-30,Shipped,0,DHL,\N,\N,6
7StTr6G9uVcV,xIjzSNbQQ1uw,2025-04-12,Shipped,0,Delhivery,\N,\N,4
p8erECFNyNYX,3qJ5VThdsczu,2024-08-22,Cancelled,0,DTDC,\N,\N,8
L3T6OJnjTlXb,lZCaJq9iYKt0,2024-09-30,Shipped,0,FedEx,\N,\N,9
qFGvBA8siR9C,ncBjZzosb18g,2024-09-02,Placed,0,FedEx,\N,\N,9
N3fIfitoQtmP,E1CIwdUAL7mV,2024-10-26,Shipped,0,Delhivery,\N,\N,10
srKcniC9yOFm,QsVvy2vjoqJ2,2024-10-22,Shipped,0,DHL,\N,\N,10
DTG8rFMgpHXy,eWPTvp2Uxgjr,2024-11-21,Delivered,90,Delhivery,2024-11-26,5,11
43VT6pfqVWQq,SDjEL1DMM89j,2025-01-28,Cancelled,0,BlueDart,\N,\N,1
2Jbr1MhEmkIs,A5ypt74Dm5ED,2025-04-17,Cancelled,0,FedEx,\N,\N,4
EzLqwURTMESq,M8toooCMGG65,2024-12-10,Delivered,0,DTDC,2024-12-12,2,12
Tb14VgvCwPuw,YeToIjRZbK1b,2024-08-25,Cancelled,0,DHL,\N,\N,8
VfPfevghWKRz,zwFtWWaE2Ja8,2024-12-22,Shipped,0,BlueDart,\N,\N,12
RrMH1HzjPDUy,Yu7y0eUjrMjF,2024-12-09,Shipped,0,FedEx,\N,\N,12
Rmc3vFluFqEi,tvBnqB57rQrh,2025-04-07,Shipped,77,DHL,\N,\N,4
dgXkaqn9QIyl,EmOTT0NimdgC,2025-05-23,Shipped,0,BlueDart,\N,\N,5
USsox4oIQaVK,3QWW2QATQoks,2024-08-10,Shipped,0,Delhivery,\N,\N,8
GkihidwfzkNV,9U87V4FA6owh,2024-09-12,Delivered,0,DTDC,2024-09-18,6,9
e2rxoTN4dHYl,LGiyKX8bqvRl,2024-08-07,Cancelled,0,Delhivery,\N,\N,8
vl4sZM3Me2dI,JG5L1Y6huM3k,2024-09-24,Delivered,0,FedEx,2024-09-26,2,9
e0odnJSmEDtd,grsbZ5L1H5ty,2024-09-08,Shipped,0,DHL,\N,\N,9
uKdtgTIV8ML0,ZLVSgLGIBt50,2025-03-25,Shipped,88,Delhivery,\N,\N,3
KyhVyjIwoxUR,LFLEYmt3mGzI,2025-04-04,Delivered,0,FedEx,2025-04-09,5,4
Tao6yqzZqR8i,26bdBz0weg9K,2024-10-25,Cancelled,0,BlueDart,\N,\N,10
CRAW5FHTgef2,iWDrWao0rL2O,2024-11-30,Delivered,0,Delhivery,2024-12-06,6,11
4BD1mwqdmeWP,6rX0opAYaf5O,2024-11-16,Cancelled,0,BlueDart,\N,\N,11
hToNiABH0dXp,WnCydkx96ul3,2025-04-19,Cancelled,0,DHL,\N,\N,4
1HoooFCAAipF,frNd2yIHhY1X,2024-10-21,Shipped,0,Delhivery,\N,\N,10
mUZI3vHznWIA,5aMM3LwvZE6p,2024-08-05,Delivered,88,FedEx,2024-08-07,2,8
ujfwoQlALhEM,5nowe7IWIlDi,2025-06-08,Placed,84,BlueDart,\N,\N,6
xgFgAUrPUHEk,nOJb8kxjeqMu,2024-06-29,Placed,0,DHL,\N,\N,6
DU2VQZyo6GkN,qVYMpdAeuyNn,2025-05-27,Delivered,0,Delhivery,2025-05-29,2,5
KKm2sesYGRq8,9QRPPukPDKtj,2024-11-23,Placed,0,BlueDart,\N,\N,11
JgAkkK19yYhw,ejNZQ7X7x2T3,2024-07-21,Placed,0,DTDC,\N,\N,7
hSaoyGZch9Z5,Aecwfm7Hmsal,2025-01-09,Delivered,0,FedEx,2025-01-11,2,1
dwJNR7yxYRLb,tc4f86hhYwpB,2025-05-05,Placed,0,DHL,\N,\N,5
86uPyTFO0VnJ,u1gplSGJr1m5,2025-04-20,Delivered,66,DTDC,2025-04-23,3,4
KOTqFLF3sprZ,JOJJwXBnFMcH,2024-10-31,Cancelled,27,DHL,\N,\N,10
RQi6usDkH0z5,txfGakDnlUkr,2025-05-21,Delivered,0,DTDC,2025-05-27,6,5
lRPOThT61ZfO,Hv2CJ4UgONx7,2024-07-03,Placed,0,DHL,\N,\N,7
YYNavM4ecDW5,aptoeeHlIxbP,2024-09-23,Delivered,0,DHL,2024-09-29,6,9
qUt5sGnfTqfO,Df666drgmPfx,2024-10-31,Delivered,0,FedEx,2024-11-06,6,10
RVEKyUSqDZHV,DRJMerHUON15,2024-10-02,Placed,0,DHL,\N,\N,10
yeJWwvlsVv2K,7oijac5SpbW5,2024-10-02,Delivered,0,BlueDart,2024-10-07,5,10
FfgsDN9OZGuM,N9TistbY5amC,2025-03-22,Shipped,0,DTDC,\N,\N,3
Kzj2zW9ALdOn,CWALhpNIASHI,2025-04-11,Shipped,20,FedEx,\N,\N,4
sMzZJbA97sz8,jnoKHCWQzJID,2025-05-22,Shipped,89,BlueDart,\N,\N,5
oDs5nEXNL9lV,eKhyaqjCe7PA,2024-09-18,Shipped,0,DTDC,\N,\N,9
oGdO8jGWtiCD,0XrxfhxhjXYE,2024-11-26,Placed,0,Delhivery,\N,\N,11
lDzWKIMnMQRe,yBX7ugjJOTSS,2024-09-23,Delivered,0,DTDC,2024-09-25,2,9
qVNLeUroeLzd,oCaEiLxD6fHF,2024-12-06,Placed,0,Delhivery,\N,\N,12
R4puFrZcycnq,I94cAhDO80TM,2024-06-23,Placed,0,BlueDart,\N,\N,6
CetUKkHYgPya,nyVwdmiDhhG6,2024-07-09,Cancelled,0,DHL,\N,\N,7
0d19WT6gAay3,uQoGZ4NfZUsh,2024-11-22,Delivered,0,Delhivery,2024-11-24,2,11
Biqo21nETaMO,5dFJ3hGKYymc,2025-03-04,Shipped,0,FedEx,\N,\N,3
hhBKG3qil2KL,fvrCaNELssNc,2024-10-01,Shipped,0,DHL,\N,\N,10
aDnwWyOFhEJ2,g0UqYq0z41XR,2025-01-01,Placed,14,Delhivery,\N,\N,1
C5Vs4Tb4ozNR,VBhPvelXEBtq,2024-09-12,Cancelled,79,FedEx,\N,\N,9
hpGrV8BgZ2Ga,TSar8iKGBFdD,2025-03-18,Cancelled,0,DHL,\N,\N,3
U1mAeIP72gPD,YsC9HcNGEOnJ,2025-01-29,Cancelled,0,DTDC,\N,\N,1
DSy03UmxuvNm,UXwfLujVOTVL,2025-03-24,Shipped,0,FedEx,\N,\N,3
DfUyZDa86qO9,sllkB0XGYrxT,2024-09-25,Delivered,14,Delhivery,2024-09-27,2,9
cItVrkN9oiVK,OSFTagz8LUCX,2025-03-30,Delivered,0,DTDC,2025-04-02,3,3
3CD8klhI6sv6,IG0zdwpicn3n,2025-06-02,Delivered,0,DHL,2025-06-06,4,6
ZskwlJutdrsO,gvNtQarZgOr8,2025-03-31,Placed,0,DHL,\N,\N,3
OUvkNi0sA2ks,YeOwwF3fdWgu,2025-03-15,Placed,0,BlueDart,\N,\N,3
yA6ye44VAqXT,HTmirdxNO6w3,2024-08-16,Delivered,30,Delhivery,2024-08-22,6,8
n2qxYfewEQFx,ROKLVaGH8de0,2024-11-26,Shipped,0,BlueDart,\N,\N,11
0gQui6LvlU5t,vqxOoMq59uav,2025-02-25,Cancelled,0,DTDC,\N,\N,2
pshOBIa9uNaK,RoIfzwKM1yvo,2025-05-14,Delivered,0,DTDC,2025-05-16,2,5
HOR4OGRLZFAi,E1orXI8bLrNV,2025-02-16,Shipped,0,Delhivery,\N,\N,2
pLZBIXXoQDrD,FOHBkie5YOyT,2024-08-01,Placed,0,DTDC,\N,\N,8
m1LtjhIB9CsJ,e2pbPEjaeR6m,2024-07-28,Delivered,0,DTDC,2024-08-01,4,7
JXMfAIkr2GMn,elCsLJhTBJtl,2025-03-10,Placed,0,BlueDart,\N,\N,3
25pQorIsT9XG,rCX2RwzGubEQ,2024-10-12,Delivered,0,BlueDart,2024-10-14,2,10
ao8cwuTvK450,xbIMznITKpTA,2024-11-10,Delivered,0,BlueDart,2024-11-13,3,11
CA0KeXrOx4Va,BKYTz5VyeBBd,2025-01-15,Placed,57,DTDC,\N,\N,1
0UBmWOKw8fEf,abN6KF4qdL4n,2025-05-25,Cancelled,0,Delhivery,\N,\N,5
SpFKAoPp0ilG,Azn5ULeYYh8s,2024-11-15,Cancelled,0,Delhivery,\N,\N,11
NKyiiSfrgbEE,78uia3DgAfNK,2025-02-07,Placed,0,FedEx,\N,\N,2
jVdQnhB1si7w,Py7WXu4L3Wmi,2025-01-02,Delivered,0,BlueDart,2025-01-06,4,1
JfzZhp0Tjdhv,CFLESwh13Z7B,2025-05-16,Placed,0,BlueDart,\N,\N,5
WWw3VcoVGQWw,SaNj4MhzahVL,2024-06-28,Placed,0,Delhivery,\N,\N,6
dfHIK6FiSMJK,qk3Ys1QXliaP,2025-01-13,Cancelled,0,DTDC,\N,\N,1
Nifv0ug4fbdY,4JEusie8wqjJ,2024-11-17,Shipped,0,DHL,\N,\N,11
1GD1ztHSEY89,NvTNauiH1qDG,2024-09-18,Delivered,0,BlueDart,2024-09-20,2,9
4EL6KRUybg09,HFRFmaPKlKMJ,2024-08-06,Delivered,0,Delhivery,2024-08-08,2,8
AkmfCk8R06qD,hCT0x9JiGXBQ,2024-09-25,Placed,0,BlueDart,\N,\N,9
KnUNh8bnaKd9,PxA7fv9spyhx,2025-02-11,Shipped,0,FedEx,\N,\N,2
m68ISWKzviHJ,g3nXeJkGI0Qw,2025-04-06,Cancelled,0,BlueDart,\N,\N,4
xYh4tcmBf0pq,EOEsCQ6QlpIg,2025-06-07,Cancelled,0,Delhivery,\N,\N,6
hwV9K6iZVgnh,mVz5LO2Vd6cL,2025-04-01,Cancelled,0,DTDC,\N,\N,4
D5YWaLz32bm9,UkqnhxmX7YMP,2024-09-16,Delivered,81,BlueDart,2024-09-18,2,9
Jb47A3Af9mi8,85jiDiGSfhTu,2024-07-04,Cancelled,0,FedEx,\N,\N,7
DBPnEuQDFDVb,gDdkaN8b9s1g,2024-07-01,Shipped,64,DTDC,\N,\N,7
XhmzJrChXt1C,9Csx6oXlpLl1,2024-06-30,Shipped,0,Delhivery,\N,\N,6
DZ1MJcaivJ1A,gZTPKLPRnreg,2024-06-24,Cancelled,0,BlueDart,\N,\N,6
CM47ksrL2R8A,TDEBQrhIwApB,2024-08-14,Shipped,44,DHL,\N,\N,8
xyukk6AHT526,1k71TCYNFCzj,2025-05-21,Placed,0,BlueDart,\N,\N,5
6otDC7qi8cZh,IfWKDQHkjLDd,2025-01-21,Cancelled,0,DTDC,\N,\N,1
8LH9cFjaFFLw,kZ0rkJCJ6N5y,2024-09-18,Placed,0,Delhivery,\N,\N,9
iuKcjULhAbtK,zsCKIdqYLV01,2025-05-31,Placed,0,Delhivery,\N,\N,5
WCVW0rJ4udYk,FrEvnEiMKGpr,2024-11-11,Shipped,0,Delhivery,\N,\N,11
yGcapJ36OCQA,3zvaY9gUH9bO,2025-06-17,Delivered,0,Delhivery,2025-06-20,3,6
BUg1mBIQpkwF,bUornDCZmRD4,2025-01-25,Placed,0,DHL,\N,\N,1
pvYF1MU8i064,qEVfsXFU3er9,2025-05-15,Shipped,71,Delhivery,\N,\N,5
3XiC2Rlo50Iu,mPg90mQwmDOP,2024-07-15,Placed,41,Delhivery,\N,\N,7
46mQB8D3v9eI,v6GelvnCrAk5,2025-06-01,Placed,32,DTDC,\N,\N,6
dgq4y5ziFJlc,lZ0pUFQvjZNA,2024-08-04,Cancelled,0,DHL,\N,\N,8
0DLS5w2AyhwI,ckZATUjYdFd3,2025-02-18,Delivered,0,BlueDart,2025-02-24,6,2
uMol3qcCJYDk,GuxDt46GwQEd,2024-12-12,Shipped,0,FedEx,\N,\N,12
PLRvoLumWbkD,SPV4UclettEh,2025-03-26,Placed,40,BlueDart,\N,\N,3
VgblKNAeuaYZ,GpdbWoJi61Qc,2025-06-09,Cancelled,0,FedEx,\N,\N,6
oVRVeW4UOiln,KD8KlSTtIm3Z,2025-06-18,Placed,54,FedEx,\N,\N,6
rRyw0Uv2s6Cr,QU7yWUgfIpJX,2025-05-22,Placed,0,DTDC,\N,\N,5
ieDqh6AghnQ1,rgjb3WchpjHg,2025-06-13,Delivered,0,DHL,2025-06-15,2,6
grIIIXCxNzVS,JyHhNu9cbCo1,2025-01-19,Delivered,0,DTDC,2025-01-24,5,1
TSmP7B9NYZQR,Jw0zo2CWiEs7,2024-07-01,Delivered,0,DHL,2024-07-03,2,7
sWOapohERXHv,MXiUFyGLUs2Z,2024-10-08,Shipped,0,FedEx,\N,\N,10
wq3LDwK546wG,oiBrZODbJTvz,2025-04-23,Placed,0,DHL,\N,\N,4
x1curOgPTqWp,mcuPjOLRkNpR,2024-09-28,Shipped,89,DTDC,\N,\N,9
3zQxmjW6iIQM,yOjH9Exn64WQ,2024-07-17,Cancelled,0,BlueDart,\N,\N,7
w4jk8j2fTnhw,yca6TkmY4yQm,2024-09-27,Placed,0,DTDC,\N,\N,9
Ee96ATLQSWKh,LooHWGt3K5gp,2024-11-29,Shipped,0,BlueDart,\N,\N,11
bL1iH5RftKa5,oZqYD7eyV1EJ,2024-10-08,Shipped,0,Delhivery,\N,\N,10
tZoVpxv5FVIH,0hj86xqZbYSV,2024-06-23,Delivered,0,DHL,2024-06-25,2,6
DmUUzfXyVm69,l2wCGNSY1l3Z,2024-08-11,Shipped,0,BlueDart,\N,\N,8
qMnWT2faWgwg,ukZ709Rl8bdF,2024-07-02,Shipped,0,BlueDart,\N,\N,7
tFQGjmZndsM5,iFsAJRrzVaTS,2024-07-07,Delivered,0,Delhivery,2024-07-11,4,7
fnUhOd9v4vy9,tSG89uyaK6MS,2024-11-12,Delivered,0,DTDC,2024-11-15,3,11
nblJwrll1AS0,Ex7BhwPvrGyQ,2024-09-03,Shipped,0,DHL,\N,\N,9
58RjiVzxQUqW,f4Frm4WEvj1g,2025-03-26,Placed,0,DHL,\N,\N,3
VtlAs8XD0DsD,ORO4ADUB1jHd,2024-11-13,Cancelled,0,DHL,\N,\N,11
3vx9j3SvRUKg,jQ0u9oBPe3Mg,2024-10-10,Delivered,0,Delhivery,2024-10-17,7,10
LkbR0ufbuMHg,0I8vL0BlM1p1,2024-11-25,Shipped,11,BlueDart,\N,\N,11
bhMwu9M1F3pM,JtX09eqY5lk3,2025-03-19,Cancelled,0,Delhivery,\N,\N,3
iUEMkbaTWXER,sk3z82bQhZAO,2024-10-13,Placed,0,DTDC,\N,\N,10
sZG0zVMaFAXJ,eSqRKROmKF9Y,2025-05-31,Placed,26,DTDC,\N,\N,5
7Xkh6efI4nRr,SNzA2roBQaGK,2024-12-12,Cancelled,0,Delhivery,\N,\N,12
u49f51uCjN3j,IGPOK4wVaGbv,2024-10-28,Shipped,0,FedEx,\N,\N,10
1S0V4zm14Sl7,45WzrefbE0kB,2025-04-19,Cancelled,0,Delhivery,\N,\N,4
Whn3HZ9xudbF,dGD1MVag3snm,2024-10-01,Delivered,0,Delhivery,2024-10-03,2,10
yJ9AvqhRv87m,EI8c9beFpTSQ,2024-08-02,Cancelled,87,BlueDart,\N,\N,8
UuMDtqNcmyUC,YanexVtkhb2B,2024-08-20,Shipped,38,FedEx,\N,\N,8
Hh2i308tChyu,iaDXrhsLGSc6,2024-10-12,Delivered,20,FedEx,2024-10-16,4,10
v5gjarBxJsbo,hWGGX7sEla9R,2024-11-06,Delivered,0,Delhivery,2024-11-12,6,11
OX3PAIf1m6fY,MNcdWG4E5iDb,2025-04-02,Delivered,93,DTDC,2025-04-04,2,4
3TVHEQZQTpNK,7mxdMPX1ERJj,2025-04-16,Delivered,0,FedEx,2025-04-21,5,4
V8k8G52pXF97,JJe2PPwxISzG,2025-05-12,Placed,83,DTDC,\N,\N,5
OPuvw5JcjfOh,cnalXbv8lRur,2024-09-01,Placed,0,BlueDart,\N,\N,9
hJq9LTbltF0f,Vpl3DrXMAEhb,2024-11-11,Delivered,0,Delhivery,2024-11-15,4,11
pmsiX0dmE1rH,cWwtMYBNlwy1,2024-07-13,Delivered,0,DTDC,2024-07-16,3,7
kVpTE6tUo9w7,bEh2OYyGVzcI,2025-06-19,Delivered,0,BlueDart,2025-06-22,3,6
roLFENE2HITq,3JeAegsqlpZ1,2024-11-26,Cancelled,0,Delhivery,\N,\N,11
NecsYKNR6nba,6gl6qALuNSUL,2024-12-14,Delivered,0,DHL,2024-12-19,5,12
cqbIl6jpDT2u,rAV7gKaOWkEy,2025-03-10,Shipped,0,DTDC,\N,\N,3
FrhdrgQs3oNw,CiOHqzRk5bbt,2024-08-10,Placed,0,Delhivery,\N,\N,8
LB5ptHNQKAFz,tIPFV5qJBgvT,2024-07-16,Shipped,0,DTDC,\N,\N,7
3llJ3o8c2vXh,yD2x7GOSsjqA,2024-07-26,Cancelled,0,Delhivery,\N,\N,7
903k3PvOOCNz,a9gFQyCfrVym,2024-09-20,Placed,0,DTDC,\N,\N,9
6gqB9L4H6mTT,dXsploeBzop3,2024-11-25,Cancelled,0,DHL,\N,\N,11
cv7Hxy6CHEtO,9tQzKeNKhIoQ,2025-03-10,Placed,0,DTDC,\N,\N,3
CRz9uZubKDHr,TLYzpBJ3Cbnv,2024-07-17,Cancelled,10,FedEx,\N,\N,7
rkEDCr6cFVPU,J2bElQYq3gEQ,2024-08-17,Placed,45,DHL,\N,\N,8
CscZnJreINZO,lFEdYUjKo6tu,2025-05-03,Shipped,62,BlueDart,\N,\N,5
YZrS899bLEhp,8tpStNEuJ43p,2025-01-06,Cancelled,0,DTDC,\N,\N,1
ZEA7QmAPMVfg,qvo2fc2aRUvp,2025-01-29,Cancelled,0,BlueDart,\N,\N,1
mG9DF0eoAvGx,pk1Ke0Nxac36,2024-07-27,Delivered,0,BlueDart,2024-07-30,3,7
Dy6W5P61hOwE,UlqYPqEYgETA,2025-03-30,Delivered,0,BlueDart,2025-04-05,6,3
TJoDeQ2Xlz5v,M7wmpVTfmiFp,2024-11-11,Cancelled,0,DTDC,\N,\N,11
hCbJt8U6Ww3N,4YfVSBGWPVdv,2025-02-28,Shipped,0,DTDC,\N,\N,2
ZN2K6DbGxXmu,pqIfz7jRxaKh,2024-11-20,Cancelled,0,DHL,\N,\N,11
Tyqe3VkvE2ia,5XGKxFrzDdYP,2024-12-18,Delivered,0,DTDC,2024-12-25,7,12
z0ppW11jMOEz,oWBBqGwqpx4m,2024-11-23,Delivered,52,DHL,2024-11-27,4,11
ozLF9m7eEm98,EeCs1w6JNdPU,2025-05-16,Delivered,0,FedEx,2025-05-23,7,5
my5M3Y1O81eH,hgHQgpZ9rVHu,2024-09-30,Shipped,0,DHL,\N,\N,9
fnSFBmKlfG9i,uvuFFZDOAlU7,2024-07-03,Placed,0,FedEx,\N,\N,7
JXMbT6I9MNoO,bVaqeOVzrNj1,2024-09-16,Shipped,0,Delhivery,\N,\N,9
u2oKzCyv9sav,EZkjVsEKMQF0,2025-02-03,Delivered,51,BlueDart,2025-02-10,7,2
ZCUmP89tgwn8,LkYwWbX35V3p,2024-08-11,Cancelled,51,FedEx,\N,\N,8
OtV6waAZRqcN,paCiJAGDh54D,2024-07-15,Delivered,0,FedEx,2024-07-22,7,7
RHC6EUl5JcR5,wuCRBXrAQIyN,2024-09-17,Placed,0,FedEx,\N,\N,9
xGteaEANe0M8,jsuJ85mr7Rlb,2025-01-06,Placed,0,DHL,\N,\N,1
vhdr4kEZVJXi,7qqTmdyVGDMP,2025-06-14,Shipped,80,FedEx,\N,\N,6
RY18bAQlLAQ8,ebCRKHmjYa2q,2024-08-03,Placed,0,FedEx,\N,\N,8
kyeIOoUKvoIM,ap5gXjoc79ju,2024-08-15,Cancelled,0,BlueDart,\N,\N,8
KbdHRyE4Ok8u,63cb18M1Z31w,2024-06-21,Placed,0,Delhivery,\N,\N,6
VZvjDMifWUUk,cIIcBGeYxzLl,2024-10-09,Cancelled,0,DTDC,\N,\N,10
44iBM5ddZAsc,asn6Y9BiG6Ma,2024-10-31,Placed,0,DTDC,\N,\N,10
GewZicdnVU4o,MdXOdiX1GYJB,2025-02-26,Delivered,0,DHL,2025-02-28,2,2
wDxGhxIhiaWl,DFT8eetndqim,2025-06-13,Delivered,0,BlueDart,2025-06-16,3,6
paJO30kb5azy,pfARTA1RWJhn,2025-04-30,Shipped,0,DHL,\N,\N,4
0llz1DKEU0D0,G7fLaaLEAieo,2025-05-11,Placed,0,FedEx,\N,\N,5
zrzHXZTUzOfx,VOohNhPUdkDS,2024-08-03,Delivered,0,FedEx,2024-08-06,3,8
Co6YY9CSER9B,dvl5K6eo1ouv,2025-01-20,Shipped,0,DTDC,\N,\N,1
liA5pvBYs64o,Nxs89iJKBJ8Z,2025-03-11,Placed,0,Delhivery,\N,\N,3
XL3tqSGhuACw,fo2DhPj0geOU,2025-06-01,Placed,77,BlueDart,\N,\N,6
1ADWBenqZlyI,ufG7Q9l2g5Dn,2024-11-25,Placed,0,BlueDart,\N,\N,11
KNa3m4B9oN3I,uJZ6s76zSxtN,2024-10-06,Shipped,29,BlueDart,\N,\N,10
0tQNH5yMQnRR,gngo3QnJVUXB,2025-03-14,Delivered,0,DTDC,2025-03-20,6,3
YKY495iYCoqG,HtPYXtaKFzex,2024-08-20,Shipped,99,DTDC,\N,\N,8
HMibbC4n9Us9,xIjzSNbQQ1uw,2025-03-12,Cancelled,0,Delhivery,\N,\N,3
DwOeec3mPOL9,3qJ5VThdsczu,2024-08-16,Placed,44,DTDC,\N,\N,8
MV5sovfkXA3U,lZCaJq9iYKt0,2024-07-15,Shipped,0,DTDC,\N,\N,7
GXDPr1j1Ts2p,ncBjZzosb18g,2025-06-16,Shipped,0,DHL,\N,\N,6
1LQsht0oRLjV,E1CIwdUAL7mV,2025-06-01,Shipped,0,DHL,\N,\N,6
TuYYbacjEAIo,QsVvy2vjoqJ2,2025-03-11,Cancelled,0,BlueDart,\N,\N,3
jQBSgqRWOpvl,eWPTvp2Uxgjr,2025-03-11,Shipped,40,FedEx,\N,\N,3
qCyo7rwAzOOQ,SDjEL1DMM89j,2024-10-07,Cancelled,0,DTDC,\N,\N,10
CtWqYNGFXvab,A5ypt74Dm5ED,2025-04-14,Delivered,0,BlueDart,2025-04-21,7,4
k4DMOE7CQOYf,M8toooCMGG65,2024-12-18,Delivered,0,Delhivery,2024-12-22,4,12
obrJjCEHkABU,YeToIjRZbK1b,2024-12-31,Shipped,0,DHL,\N,\N,12
nZzXZ18fOglg,zwFtWWaE2Ja8,2024-10-10,Cancelled,41,Delhivery,\N,\N,10
DhYtehGRi5Ft,Yu7y0eUjrMjF,2025-02-20,Delivered,0,DHL,2025-02-26,6,2
BmKm8T53Heik,tvBnqB57rQrh,2024-08-31,Placed,0,DHL,\N,\N,8
zO3o5CWKRQHt,EmOTT0NimdgC,2024-11-19,Shipped,89,BlueDart,\N,\N,11
Od8slGuu4iXb,3QWW2QATQoks,2025-04-27,Placed,10,DTDC,\N,\N,4
WMaeamcmMFS7,9U87V4FA6owh,2025-01-18,Delivered,24,FedEx,2025-01-20,2,1
KaBuciUjz8gx,LGiyKX8bqvRl,2025-04-10,Delivered,0,DTDC,2025-04-17,7,4
XnBRhcE8kuI9,JG5L1Y6huM3k,2024-12-29,Placed,0,FedEx,\N,\N,12
80zasKxvt11B,grsbZ5L1H5ty,2024-08-04,Shipped,0,Delhivery,\N,\N,8
DPkBB5UwdO20,ZLVSgLGIBt50,2025-01-23,Cancelled,0,DTDC,\N,\N,1
wwYVWXIl3qEc,LFLEYmt3mGzI,2025-04-30,Delivered,0,DTDC,2025-05-07,7,4
HW9Ogje6AlUA,26bdBz0weg9K,2024-09-23,Delivered,0,DTDC,2024-09-29,6,9
4pXD71R3zOzN,iWDrWao0rL2O,2024-09-28,Cancelled,0,FedEx,\N,\N,9
K0NF1wdh0LvK,6rX0opAYaf5O,2024-07-20,Delivered,0,FedEx,2024-07-25,5,7
KZs2qgGZoOSX,WnCydkx96ul3,2024-09-27,Cancelled,0,BlueDart,\N,\N,9
6UsiVOKddOkD,frNd2yIHhY1X,2024-08-11,Cancelled,58,DHL,\N,\N,8
RtGO0hlWZEvO,5aMM3LwvZE6p,2024-10-27,Placed,0,BlueDart,\N,\N,10
hVDdZER4kLPK,5nowe7IWIlDi,2024-09-21,Cancelled,0,DHL,\N,\N,9
v4xqa1KwmNvE,nOJb8kxjeqMu,2024-11-28,Placed,0,BlueDart,\N,\N,11
bHH5GqG5l1Z1,qVYMpdAeuyNn,2024-10-05,Placed,0,DHL,\N,\N,10
Q7XE8hJj6E2t,9QRPPukPDKtj,2025-01-21,Delivered,0,BlueDart,2025-01-23,2,1
LgBjaoAZT313,ejNZQ7X7x2T3,2024-10-04,Placed,0,DTDC,\N,\N,10
hj982ZHuOpX2,Aecwfm7Hmsal,2025-05-31,Delivered,0,FedEx,2025-06-04,4,5
O3kEwpEBakLG,tc4f86hhYwpB,2024-11-30,Placed,0,BlueDart,\N,\N,11
g2feI21w6ZER,u1gplSGJr1m5,2024-12-17,Delivered,0,DTDC,2024-12-21,4,12
xmetOCIiW5xA,JOJJwXBnFMcH,2024-10-25,Cancelled,0,BlueDart,\N,\N,10
TKwhZWStGsmY,txfGakDnlUkr,2025-04-30,Cancelled,0,Delhivery,\N,\N,4
AqBRn45qEWbc,Hv2CJ4UgONx7,2025-03-26,Cancelled,65,FedEx,\N,\N,3
I54x5B7ZScB4,aptoeeHlIxbP,2025-03-14,Delivered,0,BlueDart,2025-03-21,7,3
KOrn1FCfjiwG,Df666drgmPfx,2024-09-27,Delivered,0,Delhivery,2024-10-01,4,9
dIqUTmB6GAfq,DRJMerHUON15,2024-08-11,Shipped,68,Delhivery,\N,\N,8
RI0Rc1aPQdUs,7oijac5SpbW5,2025-02-09,Delivered,81,BlueDart,2025-02-13,4,2
giwiJ531UruF,N9TistbY5amC,2024-11-21,Delivered,0,DHL,2024-11-25,4,11
q4CIb4iWNj6w,CWALhpNIASHI,2025-04-04,Placed,0,Delhivery,\N,\N,4
5qBwZDA0LlFC,jnoKHCWQzJID,2024-08-18,Cancelled,0,Delhivery,\N,\N,8
ATrYoxeRKpjR,eKhyaqjCe7PA,2025-02-23,Placed,0,DTDC,\N,\N,2
SSWdznwYcP3H,0XrxfhxhjXYE,2025-05-24,Delivered,0,DTDC,2025-05-31,7,5
Kceb90mhL8ES,yBX7ugjJOTSS,2024-06-29,Cancelled,12,BlueDart,\N,\N,6
wRnAjbJ6jnUf,oCaEiLxD6fHF,2025-04-03,Shipped,0,FedEx,\N,\N,4
QNVf567QxsCo,I94cAhDO80TM,2024-12-12,Placed,0,BlueDart,\N,\N,12
I7EQbnwm1Q63,nyVwdmiDhhG6,2024-11-09,Delivered,0,DHL,2024-11-15,6,11
UXFVXUDBBnN2,uQoGZ4NfZUsh,2024-10-17,Delivered,0,FedEx,2024-10-21,4,10
yTxwFIsk9dtg,5dFJ3hGKYymc,2024-10-05,Delivered,0,BlueDart,2024-10-07,2,10
cRMM1epfDvSR,fvrCaNELssNc,2025-05-07,Delivered,0,Delhivery,2025-05-11,4,5
NiYQcWqn2dx1,g0UqYq0z41XR,2024-09-08,Shipped,26,BlueDart,\N,\N,9
fuEVwCKcg8U1,VBhPvelXEBtq,2025-06-10,Cancelled,0,FedEx,\N,\N,6
uJxv0BlTzZKk,TSar8iKGBFdD,2024-11-25,Placed,0,DHL,\N,\N,11
hQ9yfvzfLbcw,YsC9HcNGEOnJ,2024-11-01,Cancelled,51,DHL,\N,\N,11
Gnt5P2sMZoDE,UXwfLujVOTVL,2025-01-23,Shipped,0,Delhivery,\N,\N,1
VLa5YZFj2W0i,sllkB0XGYrxT,2025-01-02,Cancelled,0,DTDC,\N,\N,1
EP3hioG5H9fK,OSFTagz8LUCX,2024-09-26,Placed,0,DHL,\N,\N,9
DTJdNewgAKSE,IG0zdwpicn3n,2025-05-31,Delivered,0,DHL,2025-06-06,6,5
Qu1j9oOfSK6t,gvNtQarZgOr8,2025-05-01,Cancelled,0,Delhivery,\N,\N,5
eNNSfcB8zJAv,YeOwwF3fdWgu,2024-09-15,Delivered,0,FedEx,2024-09-21,6,9
0XMCKHWULwyS,HTmirdxNO6w3,2024-07-19,Delivered,0,DHL,2024-07-26,7,7
KBjiJXcRN9WP,ROKLVaGH8de0,2025-03-01,Cancelled,0,FedEx,\N,\N,3
g8ZrY2zT7ya4,vqxOoMq59uav,2024-11-04,Shipped,0,DTDC,\N,\N,11
7QE67FF0Om5N,RoIfzwKM1yvo,2024-08-28,Delivered,0,FedEx,2024-09-02,5,8
GOKkBcX2MRRC,E1orXI8bLrNV,2025-05-15,Shipped,0,DTDC,\N,\N,5
g8AatMWmKGPw,FOHBkie5YOyT,2025-03-01,Placed,0,Delhivery,\N,\N,3
bVYJzm2XCyxo,e2pbPEjaeR6m,2024-08-26,Placed,0,FedEx,\N,\N,8
NJL5pw4RWM7D,elCsLJhTBJtl,2025-03-15,Placed,0,DHL,\N,\N,3
blIKUJKqhcAw,rCX2RwzGubEQ,2025-05-10,Delivered,0,BlueDart,2025-05-15,5,5
JtNzDxuzkRxr,xbIMznITKpTA,2025-05-03,Cancelled,0,BlueDart,\N,\N,5
glRonpQa8jMJ,BKYTz5VyeBBd,2024-07-27,Delivered,0,FedEx,2024-08-01,5,7
k1rQ3PIw3yYp,abN6KF4qdL4n,2024-08-25,Delivered,0,Delhivery,2024-08-31,6,8
4GUbLR1aPK9d,Azn5ULeYYh8s,2024-09-08,Placed,0,BlueDart,\N,\N,9
MHEaSt8SPeoG,78uia3DgAfNK,2025-05-06,Delivered,0,Delhivery,2025-05-13,7,5
lD9HnSAxViqE,Py7WXu4L3Wmi,2025-01-23,Delivered,0,DHL,2025-01-29,6,1
cB2f9bMTD38b,CFLESwh13Z7B,2024-12-19,Placed,0,FedEx,\N,\N,12
PX1ynyV2HPjl,SaNj4MhzahVL,2025-01-01,Placed,0,FedEx,\N,\N,1
IzNblTWVwQAa,qk3Ys1QXliaP,2024-12-16,Placed,0,DTDC,\N,\N,12
GayOlUb6Vmw5,4JEusie8wqjJ,2024-07-26,Shipped,0,BlueDart,\N,\N,7
DHH11XdNlWxX,NvTNauiH1qDG,2024-09-29,Cancelled,0,BlueDart,\N,\N,9
DFJtb4hzzmHX,HFRFmaPKlKMJ,2025-03-01,Placed,0,DTDC,\N,\N,3
ybfGUmIVyYyg,hCT0x9JiGXBQ,2024-12-12,Delivered,0,DHL,2024-12-18,6,12
6whGhQyugS0N,PxA7fv9spyhx,2024-07-05,Delivered,0,FedEx,2024-07-12,7,7
S604A9iIoCwI,g3nXeJkGI0Qw,2025-03-27,Shipped,0,FedEx,\N,\N,3
9NeeIZEF4rYg,EOEsCQ6QlpIg,2025-03-10,Delivered,24,BlueDart,2025-03-13,3,3
zT4J82bYPvE2,mVz5LO2Vd6cL,2025-02-01,Delivered,0,DTDC,2025-02-07,6,2
Gwq3kXZ8MW3c,UkqnhxmX7YMP,2024-11-30,Shipped,0,BlueDart,\N,\N,11
zyqeRBdn2QIz,85jiDiGSfhTu,2024-11-02,Shipped,0,DHL,\N,\N,11
dqPjUcXODdly,gDdkaN8b9s1g,2024-11-03,Cancelled,0,BlueDart,\N,\N,11
W3nEEHGY8aZe,9Csx6oXlpLl1,2024-06-22,Cancelled,0,DHL,\N,\N,6
WgNOCMuHd9W6,gZTPKLPRnreg,2024-10-01,Placed,51,BlueDart,\N,\N,10
mpXwWjfPlBSr,TDEBQrhIwApB,2025-02-02,Shipped,0,Delhivery,\N,\N,2
xneeAgYsRUlF,1k71TCYNFCzj,2025-04-12,Delivered,0,DTDC,2025-04-15,3,4
BRj5e8wXFtYd,IfWKDQHkjLDd,2024-09-17,Cancelled,87,FedEx,\N,\N,9
fuBWf4V2Fw1v,kZ0rkJCJ6N5y,2024-12-30,Shipped,70,FedEx,\N,\N,12
1VAo82Ufuaol,zsCKIdqYLV01,2024-10-08,Cancelled,48,DHL,\N,\N,10
mpPCmbAGPedF,FrEvnEiMKGpr,2025-02-17,Delivered,0,Delhivery,2025-02-19,2,2
yb8LxW1FVkLV,3zvaY9gUH9bO,2024-08-30,Placed,95,Delhivery,\N,\N,8
0DF59MmccPv4,bUornDCZmRD4,2024-08-25,Cancelled,0,DTDC,\N,\N,8
10rJ5Zmskknk,qEVfsXFU3er9,2024-10-08,Placed,80,FedEx,\N,\N,10
7s3w2S5NqgHr,mPg90mQwmDOP,2024-10-14,Cancelled,0,BlueDart,\N,\N,10
Zcvs2Y4jT91x,v6GelvnCrAk5,2025-06-07,Cancelled,21,FedEx,\N,\N,6
nWpya4oQZL6n,lZ0pUFQvjZNA,2025-06-17,Cancelled,0,DTDC,\N,\N,6
VLMKKFKzUVf2,ckZATUjYdFd3,2025-06-14,Delivered,0,DHL,2025-06-20,6,6
Uxz0vOb2sQDR,GuxDt46GwQEd,2025-02-24,Placed,0,Delhivery,\N,\N,2
tytEgIj2Th3J,SPV4UclettEh,2024-12-22,Shipped,0,Delhivery,\N,\N,12
U39IZgP9B2Pr,GpdbWoJi61Qc,2024-10-18,Shipped,0,DTDC,\N,\N,10
49MdL5vZ7jIE,KD8KlSTtIm3Z,2024-12-14,Shipped,0,BlueDart,\N,\N,12
Wa1rNI8dP7zs,QU7yWUgfIpJX,2025-03-10,Shipped,0,BlueDart,\N,\N,3
zwBAkVYfxyyQ,rgjb3WchpjHg,2025-05-26,Delivered,0,DHL,2025-06-01,6,5
NprVssoIK8Rn,JyHhNu9cbCo1,2024-09-06,Placed,0,DTDC,\N,\N,9
fIrfCQsEFnE9,Jw0zo2CWiEs7,2024-07-30,Shipped,0,DTDC,\N,\N,7
4dGL3OCJqVkG,MXiUFyGLUs2Z,2025-06-16,Cancelled,0,DHL,\N,\N,6
at7rWo8KPYVJ,oiBrZODbJTvz,2024-10-22,Shipped,0,BlueDart,\N,\N,10
iJXWaA3D3LXT,mcuPjOLRkNpR,2025-03-15,Shipped,0,BlueDart,\N,\N,3
PmfjmIs699a5,yOjH9Exn64WQ,2025-01-13,Placed,0,DHL,\N,\N,1
r8I48M6OwJcP,yca6TkmY4yQm,2025-02-04,Cancelled,0,DHL,\N,\N,2
Na5LA4dY4q9A,LooHWGt3K5gp,2025-02-26,Cancelled,0,BlueDart,\N,\N,2
PQyDjW5Yhmam,oZqYD7eyV1EJ,2025-04-02,Placed,0,DTDC,\N,\N,4
3pCApHYAqA0t,0hj86xqZbYSV,2025-01-29,Placed,0,FedEx,\N,\N,1
27m5wByUrmwi,l2wCGNSY1l3Z,2025-04-01,Placed,80,DTDC,\N,\N,4
lkENMnhS0Mue,ukZ709Rl8bdF,2025-05-08,Cancelled,0,Delhivery,\N,\N,5
OWudByJ0dr8x,iFsAJRrzVaTS,2024-10-26,Delivered,54,DHL,2024-11-01,6,10
TQf1axf2lHVQ,tSG89uyaK6MS,2024-10-07,Delivered,0,BlueDart,2024-10-10,3,10
iwqRFnkT6L9F,Ex7BhwPvrGyQ,2024-11-23,Delivered,36,DHL,2024-11-26,3,11
X09r1IAJN74u,f4Frm4WEvj1g,2025-04-26,Placed,0,BlueDart,\N,\N,4
6vSwBHhBtz0y,ORO4ADUB1jHd,2024-11-22,Shipped,94,DHL,\N,\N,11
fDq8lkNRbhjT,jQ0u9oBPe3Mg,2024-09-27,Cancelled,0,DTDC,\N,\N,9
vEPbz2whQgxU,0I8vL0BlM1p1,2024-10-16,Cancelled,0,Delhivery,\N,\N,10
pthAHR3zwX1k,JtX09eqY5lk3,2025-05-03,Shipped,0,FedEx,\N,\N,5
GeUtNVVEd1XT,sk3z82bQhZAO,2024-09-07,Placed,46,Delhivery,\N,\N,9
dqLJMOWoxGtr,eSqRKROmKF9Y,2024-12-26,Placed,54,BlueDart,\N,\N,12
7sAifSXQ23RD,SNzA2roBQaGK,2024-10-04,Cancelled,0,DHL,\N,\N,10
BunZbvls0n1k,IGPOK4wVaGbv,2025-02-15,Delivered,13,DTDC,2025-02-22,7,2
9h3jzfDGdP1c,45WzrefbE0kB,2025-06-01,Cancelled,33,DHL,\N,\N,6
4RqmOiHxYk5j,dGD1MVag3snm,2025-03-17,Cancelled,0,FedEx,\N,\N,3
AhUvxUGYsopt,EI8c9beFpTSQ,2025-03-31,Cancelled,0,BlueDart,\N,\N,3
gzStAybJTkfz,YanexVtkhb2B,2025-04-03,Cancelled,0,BlueDart,\N,\N,4
WKD2izUQvi6X,iaDXrhsLGSc6,2024-08-16,Placed,41,BlueDart,\N,\N,8
gJPseMs1Hakn,hWGGX7sEla9R,2025-05-19,Cancelled,38,Delhivery,\N,\N,5
Qq1LvTK2Mh7F,MNcdWG4E5iDb,2025-05-30,Delivered,93,DHL,2025-06-03,4,5
kF1s9JGOD3SG,7mxdMPX1ERJj,2024-12-03,Placed,0,Delhivery,\N,\N,12
kS4yjVPtRevK,JJe2PPwxISzG,2025-03-03,Shipped,0,FedEx,\N,\N,3
0tKHPrBRUuzE,cnalXbv8lRur,2025-05-14,Placed,0,BlueDart,\N,\N,5
hZvtvOu6GZ9X,Vpl3DrXMAEhb,2025-02-04,Cancelled,48,DHL,\N,\N,2
1UnYItSfNnuH,cWwtMYBNlwy1,2025-01-22,Shipped,0,Delhivery,\N,\N,1
r8WZxibP4aZs,bEh2OYyGVzcI,2024-12-06,Shipped,0,DHL,\N,\N,12
gI9LiRm1Ryjt,3JeAegsqlpZ1,2025-05-24,Delivered,0,DHL,2025-05-29,5,5
Er35i2CvcftB,6gl6qALuNSUL,2025-06-12,Shipped,37,DHL,\N,\N,6
E93Sn1q2YqAV,rAV7gKaOWkEy,2024-07-25,Shipped,0,DTDC,\N,\N,7
Swr1NW0enI50,CiOHqzRk5bbt,2025-06-07,Shipped,39,BlueDart,\N,\N,6
FrByV3btkMWv,tIPFV5qJBgvT,2025-01-12,Shipped,0,BlueDart,\N,\N,1
8J2PSZX0Qado,yD2x7GOSsjqA,2024-12-13,Shipped,0,DTDC,\N,\N,12
XTQvBgr50gC1,a9gFQyCfrVym,2024-08-07,Delivered,0,DTDC,2024-08-11,4,8
RU9dWom6OeBt,dXsploeBzop3,2025-01-15,Cancelled,0,FedEx,\N,\N,1
iC6vks75waN1,9tQzKeNKhIoQ,2024-06-21,Cancelled,0,DTDC,\N,\N,6
eL2LcStVJsVE,TLYzpBJ3Cbnv,2024-12-31,Placed,0,FedEx,\N,\N,12
ATo4U0L18MV4,J2bElQYq3gEQ,2025-03-29,Delivered,0,DTDC,2025-04-01,3,3
6XOzvoFezTKL,lFEdYUjKo6tu,2024-07-15,Delivered,0,Delhivery,2024-07-18,3,7
ThqqOmxw1IuW,8tpStNEuJ43p,2025-02-17,Cancelled,0,FedEx,\N,\N,2
HVcTCpvsfVP2,qvo2fc2aRUvp,2024-11-17,Delivered,0,DTDC,2024-11-22,5,11
7K3rCKgQmI5v,pk1Ke0Nxac36,2025-03-11,Shipped,0,FedEx,\N,\N,3
0nMkaYj8IvYn,UlqYPqEYgETA,2024-12-03,Cancelled,22,Delhivery,\N,\N,12
LombvAfyS2hZ,M7wmpVTfmiFp,2025-02-23,Placed,0,FedEx,\N,\N,2
vj9uCrr5eDKe,4YfVSBGWPVdv,2025-02-27,Cancelled,0,FedEx,\N,\N,2
rGp7A3FZPgjV,pqIfz7jRxaKh,2025-02-23,Delivered,0,DHL,2025-02-27,4,2
TRslIYyjp0h3,5XGKxFrzDdYP,2025-01-13,Delivered,0,DHL,2025-01-20,7,1
PA5kLl3m686D,oWBBqGwqpx4m,2025-06-19,Delivered,0,BlueDart,2025-06-25,6,6
J3FzTOnoxl4m,EeCs1w6JNdPU,2025-06-16,Shipped,17,DHL,\N,\N,6
Gm95at56Nqu6,hgHQgpZ9rVHu,2024-09-05,Cancelled,0,FedEx,\N,\N,9
rIobcSQlTAIN,uvuFFZDOAlU7,2025-05-27,Shipped,0,FedEx,\N,\N,5
bCEu75bVXGB2,bVaqeOVzrNj1,2024-06-23,Placed,0,Delhivery,\N,\N,6
J2b5mZIZPrkV,EZkjVsEKMQF0,2024-09-20,Delivered,0,BlueDart,2024-09-23,3,9
sQmJgSBLPonq,LkYwWbX35V3p,2024-12-04,Delivered,13,BlueDart,2024-12-08,4,12
9JSRAze9RRFQ,paCiJAGDh54D,2024-07-01,Cancelled,0,DTDC,\N,\N,7
U5rtf6WMOznU,wuCRBXrAQIyN,2025-03-19,Delivered,0,DTDC,2025-03-22,3,3
bhpKla1yGfy8,jsuJ85mr7Rlb,2024-10-11,Shipped,0,DTDC,\N,\N,10
mCrq6aBTiAad,7qqTmdyVGDMP,2024-08-29,Cancelled,0,BlueDart,\N,\N,8
YAEyeHY8GiXF,ebCRKHmjYa2q,2024-12-17,Shipped,0,BlueDart,\N,\N,12
6wQfFGHYwe14,ap5gXjoc79ju,2025-04-04,Placed,0,Delhivery,\N,\N,4
FUhKtZT2K0Im,63cb18M1Z31w,2025-05-25,Shipped,0,BlueDart,\N,\N,5
pMLsg8ksI7gw,cIIcBGeYxzLl,2024-09-21,Delivered,99,DTDC,2024-09-27,6,9
47UxbbQPIt5G,asn6Y9BiG6Ma,2024-12-19,Cancelled,0,FedEx,\N,\N,12
YMfgkNmDC5X2,MdXOdiX1GYJB,2025-03-05,Cancelled,0,BlueDart,\N,\N,3
aXnQTdIQS2og,DFT8eetndqim,2024-09-18,Cancelled,0,BlueDart,\N,\N,9
D26ZAsmExW98,pfARTA1RWJhn,2025-03-03,Cancelled,0,Delhivery,\N,\N,3
ojnrE1j1yZNk,G7fLaaLEAieo,2024-11-19,Cancelled,0,BlueDart,\N,\N,11
uWothCpUmPXk,VOohNhPUdkDS,2025-02-11,Shipped,0,Delhivery,\N,\N,2
bCo6YkJgUmME,dvl5K6eo1ouv,2025-04-12,Cancelled,83,Delhivery,\N,\N,4
OuJjwLz5wP6k,Nxs89iJKBJ8Z,2024-07-23,Shipped,0,DHL,\N,\N,7
Z1nz0kUUoHho,fo2DhPj0geOU,2024-09-23,Placed,0,Delhivery,\N,\N,9
DKYTTXy6VhNE,ufG7Q9l2g5Dn,2025-05-14,Placed,10,DHL,\N,\N,5
IGaqiwC7EyOt,uJZ6s76zSxtN,2024-11-04,Shipped,63,DTDC,\N,\N,11
rR0Zp9oGMM7X,gngo3QnJVUXB,2024-10-28,Delivered,0,BlueDart,2024-10-30,2,10
sKyNRwRqkYZ1,HtPYXtaKFzex,2024-07-18,Placed,0,BlueDart,\N,\N,7
nr3yNXzg551L,xIjzSNbQQ1uw,2025-01-24,Shipped,0,BlueDart,\N,\N,1
n3qPTf4Z5GHE,3qJ5VThdsczu,2024-10-06,Delivered,0,DHL,2024-10-13,7,10
1MmVLtvdY0P7,lZCaJq9iYKt0,2024-08-29,Shipped,0,Delhivery,\N,\N,8
zErVTquqlznU,ncBjZzosb18g,2025-03-13,Placed,0,DTDC,\N,\N,3
V9tbrcGpy6jb,E1CIwdUAL7mV,2024-10-13,Delivered,44,DTDC,2024-10-19,6,10
vJOB9Yahwavl,QsVvy2vjoqJ2,2025-01-05,Delivered,0,DTDC,2025-01-10,5,1
oBEbcurgbbMq,eWPTvp2Uxgjr,2024-11-20,Shipped,0,BlueDart,\N,\N,11
JCtpaPlN9Ryp,SDjEL1DMM89j,2025-02-16,Placed,0,Delhivery,\N,\N,2
yRS6Z2VAVoBh,A5ypt74Dm5ED,2025-03-09,Placed,0,DHL,\N,\N,3
8B9D23A6KuJE,M8toooCMGG65,2025-02-03,Cancelled,0,DHL,\N,\N,2
WufIJL1JEM1S,YeToIjRZbK1b,2024-07-01,Shipped,0,Delhivery,\N,\N,7
AGIPGCIf811D,zwFtWWaE2Ja8,2024-10-17,Cancelled,0,FedEx,\N,\N,10
ihTw90B7Ce4l,Yu7y0eUjrMjF,2024-12-08,Delivered,0,DTDC,2024-12-11,3,12
BVjnauNHsi9I,tvBnqB57rQrh,2024-10-11,Placed,0,FedEx,\N,\N,10
3SwoXHKqus94,EmOTT0NimdgC,2024-11-12,Shipped,85,BlueDart,\N,\N,11
tJN8rPKqcCsC,3QWW2QATQoks,2025-02-25,Delivered,0,Delhivery,2025-02-27,2,2
wKrkp9mg3oEL,9U87V4FA6owh,2025-04-07,Cancelled,0,DHL,\N,\N,4
aXRVCAK6zK0x,LGiyKX8bqvRl,2024-10-05,Shipped,51,FedEx,\N,\N,10
jap0obJnnAmy,JG5L1Y6huM3k,2024-11-02,Shipped,0,BlueDart,\N,\N,11
psogapBvNn70,grsbZ5L1H5ty,2025-02-20,Delivered,0,Delhivery,2025-02-22,2,2
g9TR3ScQLhNJ,ZLVSgLGIBt50,2024-09-28,Delivered,0,BlueDart,2024-10-02,4,9
B1SS9cXxCf43,LFLEYmt3mGzI,2024-08-09,Shipped,0,FedEx,\N,\N,8
4qwPCoOeF6u1,26bdBz0weg9K,2024-12-05,Placed,57,BlueDart,\N,\N,12
SqBjEWXOdARn,iWDrWao0rL2O,2024-08-06,Shipped,0,BlueDart,\N,\N,8
lNpLTgIw4wgN,6rX0opAYaf5O,2024-11-02,Shipped,35,DTDC,\N,\N,11
ravzKAPrd185,WnCydkx96ul3,2025-04-26,Cancelled,0,Delhivery,\N,\N,4
rJgwGRsaIIY1,frNd2yIHhY1X,2025-03-31,Cancelled,0,BlueDart,\N,\N,3
itJCIOvIStXG,5aMM3LwvZE6p,2024-10-28,Cancelled,98,DHL,\N,\N,10
gTyLf4leKMK0,5nowe7IWIlDi,2025-06-20,Placed,16,BlueDart,\N,\N,6
KXDoKZReRLYT,nOJb8kxjeqMu,2024-12-18,Delivered,91,Delhivery,2024-12-25,7,12
gmBqwCtFPGJA,qVYMpdAeuyNn,2024-10-03,Placed,86,DTDC,\N,\N,10
vymz5lkzhWAf,9QRPPukPDKtj,2025-05-15,Cancelled,0,FedEx,\N,\N,5
lu7SqEkTkyUy,ejNZQ7X7x2T3,2025-03-31,Placed,0,FedEx,\N,\N,3
J20qFvYqnjav,Aecwfm7Hmsal,2024-07-05,Delivered,0,DTDC,2024-07-10,5,7
6Y0NFk6NUvGl,tc4f86hhYwpB,2025-03-08,Delivered,0,BlueDart,2025-03-12,4,3
ODQVs33Hh84k,u1gplSGJr1m5,2025-01-14,Delivered,0,BlueDart,2025-01-21,7,1
DPRRGG9csbKJ,JOJJwXBnFMcH,2024-09-05,Cancelled,0,BlueDart,\N,\N,9
xX2UiyxIPZSv,txfGakDnlUkr,2024-08-22,Shipped,0,BlueDart,\N,\N,8
7BjykpQE7QRT,Hv2CJ4UgONx7,2025-04-05,Cancelled,0,FedEx,\N,\N,4
xiJphil15jpi,aptoeeHlIxbP,2024-10-06,Shipped,0,BlueDart,\N,\N,10
SmMitqaEsuWO,Df666drgmPfx,2024-08-28,Shipped,10,DTDC,\N,\N,8
E8OuxMoG0Q75,DRJMerHUON15,2024-10-22,Cancelled,0,FedEx,\N,\N,10
7HwO6wJIYehF,7oijac5SpbW5,2024-09-29,Placed,0,DHL,\N,\N,9
FcO6TwvkFObU,N9TistbY5amC,2025-04-19,Delivered,0,BlueDart,2025-04-26,7,4
FABrt78aO16I,CWALhpNIASHI,2024-08-29,Delivered,0,DTDC,2024-09-01,3,8
qR7cDAcwcTOq,jnoKHCWQzJID,2024-10-13,Delivered,0,BlueDart,2024-10-16,3,10
1ENf37qerWlx,eKhyaqjCe7PA,2024-08-07,Cancelled,25,DHL,\N,\N,8
6b03hCPGdqkl,0XrxfhxhjXYE,2025-04-15,Delivered,0,BlueDart,2025-04-19,4,4
rcCgzGeUV0tH,yBX7ugjJOTSS,2024-07-27,Placed,0,DTDC,\N,\N,7
Jcy2W2E0Agmu,oCaEiLxD6fHF,2025-04-13,Placed,0,FedEx,\N,\N,4
i9OYulaEKdyi,I94cAhDO80TM,2024-11-21,Delivered,39,BlueDart,2024-11-28,7,11
ujlTLuyFAAhX,nyVwdmiDhhG6,2024-10-13,Cancelled,0,DTDC,\N,\N,10
aOYDktekeGQa,uQoGZ4NfZUsh,2025-01-31,Shipped,0,FedEx,\N,\N,1
36kRQWTAsprF,5dFJ3hGKYymc,2024-08-28,Placed,0,DTDC,\N,\N,8
TCGIdZJkerR1,fvrCaNELssNc,2024-08-20,Shipped,0,DTDC,\N,\N,8
D7VNrgEGCxnU,g0UqYq0z41XR,2024-09-24,Delivered,0,BlueDart,2024-09-30,6,9
2dWPVJZxwi1t,VBhPvelXEBtq,2024-11-01,Shipped,60,DTDC,\N,\N,11
5Nq56WBuAy60,TSar8iKGBFdD,2025-03-06,Placed,0,Delhivery,\N,\N,3
rSLWWI0YOkKf,YsC9HcNGEOnJ,2025-05-06,Cancelled,0,Delhivery,\N,\N,5
H2sbmSsuHq2V,UXwfLujVOTVL,2025-01-29,Shipped,0,FedEx,\N,\N,1
OuRJTUWyI9DC,sllkB0XGYrxT,2025-05-10,Cancelled,0,Delhivery,\N,\N,5
KYO2H5mu4Wc2,OSFTagz8LUCX,2024-08-29,Cancelled,0,DHL,\N,\N,8
27Ei7tBAzqOe,IG0zdwpicn3n,2024-12-23,Delivered,0,FedEx,2024-12-25,2,12
HkhWA2uQbJjR,gvNtQarZgOr8,2024-08-17,Shipped,0,DTDC,\N,\N,8
Paa6zYSEmIE8,YeOwwF3fdWgu,2024-10-11,Shipped,0,FedEx,\N,\N,10
UEMavvdMBBA8,HTmirdxNO6w3,2024-11-22,Shipped,0,DHL,\N,\N,11
Wy0TYO40tcyk,ROKLVaGH8de0,2024-09-05,Placed,0,DHL,\N,\N,9
I1GWXRpzGcCk,vqxOoMq59uav,2024-10-18,Placed,0,Delhivery,\N,\N,10
MgfB4uLCJapY,RoIfzwKM1yvo,2025-02-25,Cancelled,0,DHL,\N,\N,2
B8E2ntS5gbI3,E1orXI8bLrNV,2025-04-29,Placed,0,DHL,\N,\N,4
5Uz8qKeO91Ss,FOHBkie5YOyT,2025-01-19,Cancelled,0,FedEx,\N,\N,1
ydv08rUf8bSc,e2pbPEjaeR6m,2024-06-26,Cancelled,0,Delhivery,\N,\N,6
B3nlGkLw0LjP,elCsLJhTBJtl,2025-04-22,Shipped,0,Delhivery,\N,\N,4
yCkVMOcqHA1A,rCX2RwzGubEQ,2024-07-25,Shipped,0,BlueDart,\N,\N,7
EnlqVmtdGeU8,xbIMznITKpTA,2025-06-17,Cancelled,0,DTDC,\N,\N,6
6wadKo4Uu9GE,BKYTz5VyeBBd,2025-02-18,Placed,50,BlueDart,\N,\N,2
8mIyPGLbfaH5,abN6KF4qdL4n,2025-05-18,Cancelled,0,Delhivery,\N,\N,5
ZEHiCVT7ZSba,Azn5ULeYYh8s,2024-06-30,Placed,0,Delhivery,\N,\N,6
oAESSZCHbW0s,78uia3DgAfNK,2024-08-02,Placed,0,DTDC,\N,\N,8
sAeq03RRWJlh,Py7WXu4L3Wmi,2024-12-18,Shipped,10,FedEx,\N,\N,12
KHgfaMNh9uhy,CFLESwh13Z7B,2025-03-01,Placed,0,DHL,\N,\N,3
oG25D2KOljsN,SaNj4MhzahVL,2025-05-21,Delivered,0,DHL,2025-05-24,3,5
7Tm4svxqksuZ,qk3Ys1QXliaP,2024-10-02,Placed,0,DTDC,\N,\N,10
Y4W0BaZ51hK7,4JEusie8wqjJ,2024-11-08,Delivered,0,FedEx,2024-11-14,6,11
nGdpUMWwEiJW,NvTNauiH1qDG,2024-10-08,Placed,42,DTDC,\N,\N,10
r79r8QAd20zn,HFRFmaPKlKMJ,2024-10-28,Cancelled,0,DTDC,\N,\N,10
xdmOz14WDkNo,hCT0x9JiGXBQ,2024-11-22,Delivered,0,DTDC,2024-11-29,7,11
2MGiPfM1fYce,PxA7fv9spyhx,2025-06-16,Shipped,0,BlueDart,\N,\N,6
p2w6YRIh2lX5,g3nXeJkGI0Qw,2025-05-01,Cancelled,0,BlueDart,\N,\N,5
V2mJU7eydnfg,EOEsCQ6QlpIg,2025-01-08,Delivered,0,DHL,2025-01-13,5,1
x2Anas9RnahS,mVz5LO2Vd6cL,2025-05-27,Cancelled,0,DTDC,\N,\N,5
y0YXS9WECOsm,UkqnhxmX7YMP,2024-06-28,Cancelled,0,FedEx,\N,\N,6
DAYUX6uOyR75,85jiDiGSfhTu,2024-07-15,Cancelled,0,BlueDart,\N,\N,7
ePUnLQcX378X,gDdkaN8b9s1g,2024-08-29,Cancelled,0,DTDC,\N,\N,8
boeIrCCs8kim,9Csx6oXlpLl1,2024-10-23,Delivered,0,BlueDart,2024-10-28,5,10
EEGYTFIZDfBx,gZTPKLPRnreg,2024-07-24,Cancelled,0,DTDC,\N,\N,7
BihLVZjmyN0H,TDEBQrhIwApB,2025-06-11,Shipped,0,FedEx,\N,\N,6
1kGGcFSFoKao,1k71TCYNFCzj,2025-04-10,Delivered,0,Delhivery,2025-04-17,7,4
eVFyR1qdF9cp,IfWKDQHkjLDd,2025-01-02,Cancelled,0,DTDC,\N,\N,1
ho9aYoyNRGoz,kZ0rkJCJ6N5y,2025-04-25,Placed,0,FedEx,\N,\N,4
vsQdmfvAWD0r,zsCKIdqYLV01,2025-06-04,Shipped,0,BlueDart,\N,\N,6
NtSSqXv1Z1Wm,FrEvnEiMKGpr,2024-09-24,Shipped,62,BlueDart,\N,\N,9
wKKQzb9dAUqX,3zvaY9gUH9bO,2025-01-15,Delivered,0,DHL,2025-01-22,7,1
ksOPq3lpCN7q,bUornDCZmRD4,2025-04-16,Placed,0,Delhivery,\N,\N,4
h72ROPYf0NZZ,qEVfsXFU3er9,2024-09-17,Cancelled,0,Delhivery,\N,\N,9
xLv8TCOcDRja,mPg90mQwmDOP,2025-04-23,Cancelled,0,DHL,\N,\N,4
QfDwhACQ23Xr,v6GelvnCrAk5,2025-01-27,Delivered,0,BlueDart,2025-01-30,3,1
DANH5wY59VqJ,lZ0pUFQvjZNA,2024-11-14,Delivered,0,BlueDart,2024-11-16,2,11
5KikiguTIJxi,ckZATUjYdFd3,2024-12-19,Delivered,41,DTDC,2024-12-22,3,12
u5AJRhmBLQtz,GuxDt46GwQEd,2025-02-12,Delivered,0,FedEx,2025-02-15,3,2
TbtsPCw8WQLE,SPV4UclettEh,2025-05-25,Shipped,0,Delhivery,\N,\N,5
UjWlSsOvMunI,GpdbWoJi61Qc,2024-08-14,Shipped,0,Delhivery,\N,\N,8
pX5m0O1CVY5q,KD8KlSTtIm3Z,2025-05-07,Placed,0,FedEx,\N,\N,5
5yQHdJXAhRXb,QU7yWUgfIpJX,2025-04-05,Delivered,0,FedEx,2025-04-07,2,4
xXuyshFfSGqs,rgjb3WchpjHg,2025-01-11,Delivered,0,DHL,2025-01-16,5,1
jyNEi4sA1XHY,JyHhNu9cbCo1,2025-03-19,Shipped,0,DTDC,\N,\N,3
lBKaKG4j0ui5,Jw0zo2CWiEs7,2025-04-03,Placed,82,DTDC,\N,\N,4
hJwNsBgwPR1T,MXiUFyGLUs2Z,2025-05-28,Cancelled,57,BlueDart,\N,\N,5
8WYnlgMCHPfg,oiBrZODbJTvz,2024-11-26,Cancelled,64,Delhivery,\N,\N,11
AuPMpf8VOSEl,mcuPjOLRkNpR,2025-05-01,Shipped,0,Delhivery,\N,\N,5
GdoYJd0L7kQo,yOjH9Exn64WQ,2025-04-17,Cancelled,0,DHL,\N,\N,4
9hWh3oEXIk37,yca6TkmY4yQm,2024-11-04,Shipped,0,BlueDart,\N,\N,11
aMtwCLHHpoeJ,LooHWGt3K5gp,2024-11-20,Delivered,0,Delhivery,2024-11-23,3,11
wNuKbMnVl79G,oZqYD7eyV1EJ,2024-08-26,Cancelled,10,DTDC,\N,\N,8
Ek27mZhuOoA9,0hj86xqZbYSV,2024-08-08,Placed,0,Delhivery,\N,\N,8
MZQasNAI9hMb,l2wCGNSY1l3Z,2024-10-20,Placed,0,DHL,\N,\N,10
JpjzehQbDbkj,ukZ709Rl8bdF,2024-10-23,Delivered,0,BlueDart,2024-10-28,5,10
YNo05KYxHSkK,iFsAJRrzVaTS,2025-06-07,Placed,0,DHL,\N,\N,6
B547ckd0Xk25,tSG89uyaK6MS,2025-05-11,Delivered,0,Delhivery,2025-05-16,5,5
wxmystJmVnr9,Ex7BhwPvrGyQ,2024-08-09,Shipped,0,BlueDart,\N,\N,8
LlxtAAKjt6BB,f4Frm4WEvj1g,2024-07-31,Shipped,90,DTDC,\N,\N,7
V4vVTU7zHvzG,ORO4ADUB1jHd,2025-03-24,Shipped,0,Delhivery,\N,\N,3
PNI2HqlPxVjC,jQ0u9oBPe3Mg,2025-01-07,Delivered,38,DHL,2025-01-10,3,1
aUXtZtnIPDuq,0I8vL0BlM1p1,2025-02-06,Shipped,0,DHL,\N,\N,2
sjsJXS4dqORF,JtX09eqY5lk3,2025-01-20,Cancelled,0,DHL,\N,\N,1
GVhn8CFjreUV,sk3z82bQhZAO,2025-05-16,Delivered,0,Delhivery,2025-05-21,5,5
mQN6gwjdKwDq,eSqRKROmKF9Y,2024-08-23,Shipped,0,BlueDart,\N,\N,8
FcTFYOZdVIPb,SNzA2roBQaGK,2024-06-27,Shipped,0,Delhivery,\N,\N,6
Q5PdpLChztLO,IGPOK4wVaGbv,2025-03-11,Placed,0,DTDC,\N,\N,3
jfawnBBdNXW7,45WzrefbE0kB,2025-01-21,Placed,0,BlueDart,\N,\N,1
MASBy0tcuRH6,dGD1MVag3snm,2025-05-07,Delivered,0,DTDC,2025-05-14,7,5
2z3QE8ykS6G6,EI8c9beFpTSQ,2024-11-20,Placed,0,DHL,\N,\N,11
9LPKszMHCXmc,YanexVtkhb2B,2025-01-08,Delivered,0,Delhivery,2025-01-11,3,1
Ay2v3IcvnEC0,iaDXrhsLGSc6,2025-02-19,Delivered,0,DTDC,2025-02-23,4,2
Dylnzoiyze7m,hWGGX7sEla9R,2025-04-13,Cancelled,68,DTDC,\N,\N,4
C189p7vaCR3y,MNcdWG4E5iDb,2024-10-13,Shipped,0,FedEx,\N,\N,10
tjjVJ48RJRsX,7mxdMPX1ERJj,2025-01-10,Shipped,0,Delhivery,\N,\N,1
oorEcQrWBvfl,JJe2PPwxISzG,2025-04-16,Delivered,91,DHL,2025-04-20,4,4
uHTFX5KZZ552,cnalXbv8lRur,2024-11-15,Placed,23,DTDC,\N,\N,11
pdGMykmFFgDj,Vpl3DrXMAEhb,2025-04-12,Delivered,0,FedEx,2025-04-15,3,4
cFwiYmJnyB33,cWwtMYBNlwy1,2024-07-18,Delivered,0,DHL,2024-07-23,5,7
rhdeebCOB6yj,bEh2OYyGVzcI,2025-04-15,Delivered,86,Delhivery,2025-04-18,3,4
HWPeqVNibzfn,3JeAegsqlpZ1,2025-04-04,Cancelled,0,Delhivery,\N,\N,4
2JNCYLmdvAH2,6gl6qALuNSUL,2025-02-08,Delivered,0,FedEx,2025-02-14,6,2
Hlt9jp5x4xWS,rAV7gKaOWkEy,2025-02-28,Delivered,61,BlueDart,2025-03-04,4,2
L1o7ShmSYfns,CiOHqzRk5bbt,2025-02-06,Shipped,0,DTDC,\N,\N,2
SPk3B4arYlL8,tIPFV5qJBgvT,2025-04-03,Placed,0,DTDC,\N,\N,4
Nwgqc6RT3nva,yD2x7GOSsjqA,2024-10-10,Cancelled,0,DHL,\N,\N,10
cxlRG51ZjuQw,a9gFQyCfrVym,2024-08-15,Placed,0,DTDC,\N,\N,8
hQHdVu2sbmx6,dXsploeBzop3,2024-09-29,Shipped,0,Delhivery,\N,\N,9
6sif1NcuL262,9tQzKeNKhIoQ,2025-03-28,Placed,0,FedEx,\N,\N,3
OpGFeXtdj7nX,TLYzpBJ3Cbnv,2024-09-27,Delivered,0,FedEx,2024-10-02,5,9
3QOBUjQztjdg,J2bElQYq3gEQ,2025-03-01,Shipped,0,DTDC,\N,\N,3
0Re5Spb4iFca,lFEdYUjKo6tu,2024-09-03,Placed,0,FedEx,\N,\N,9
zCHVrZ0GHK2Q,8tpStNEuJ43p,2024-12-22,Delivered,0,BlueDart,2024-12-28,6,12
MxmcZw4pFDum,qvo2fc2aRUvp,2025-01-08,Cancelled,0,DHL,\N,\N,1
VuMQXK4RMzGG,pk1Ke0Nxac36,2024-11-19,Cancelled,0,DHL,\N,\N,11
PpeesJBkOaTQ,UlqYPqEYgETA,2024-10-30,Shipped,40,DTDC,\N,\N,10
h3L9OFLCfZKT,M7wmpVTfmiFp,2024-10-07,Delivered,0,Delhivery,2024-10-12,5,10
2mCF9Qq5JA0K,4YfVSBGWPVdv,2024-08-16,Delivered,0,BlueDart,2024-08-22,6,8
WBzNXQwnvf9N,pqIfz7jRxaKh,2024-08-26,Shipped,0,DHL,\N,\N,8
Hzc80QNBH5b7,5XGKxFrzDdYP,2025-06-06,Cancelled,0,DTDC,\N,\N,6
lvhLGqRpRQ9l,oWBBqGwqpx4m,2024-11-19,Delivered,0,DTDC,2024-11-23,4,11
LgX87UjBx5Uq,EeCs1w6JNdPU,2024-10-27,Cancelled,0,DTDC,\N,\N,10
vkhyJLZVeDlY,hgHQgpZ9rVHu,2024-09-02,Shipped,0,BlueDart,\N,\N,9
CXGd1TZ83Lqq,uvuFFZDOAlU7,2024-11-24,Placed,0,DHL,\N,\N,11
raY7LnImf4YC,bVaqeOVzrNj1,2024-09-08,Shipped,0,BlueDart,\N,\N,9
vfVPJYLuheO1,EZkjVsEKMQF0,2024-12-01,Cancelled,0,DHL,\N,\N,12
LSxM8LyaxuCq,LkYwWbX35V3p,2025-01-30,Cancelled,0,DTDC,\N,\N,1
b5llBjz19SBV,paCiJAGDh54D,2024-09-14,Cancelled,0,DTDC,\N,\N,9
vZqMaYwuLr3S,wuCRBXrAQIyN,2024-09-19,Shipped,0,FedEx,\N,\N,9
2WJjfsTcJSiF,jsuJ85mr7Rlb,2024-07-04,Shipped,0,DTDC,\N,\N,7
PzjRvjkAchRE,7qqTmdyVGDMP,2024-10-15,Cancelled,0,DTDC,\N,\N,10
XOiPYy1YRGgL,ebCRKHmjYa2q,2025-06-09,Placed,0,DTDC,\N,\N,6
qTSdp389nzzW,ap5gXjoc79ju,2024-11-30,Cancelled,0,Delhivery,\N,\N,11
I3mTliYfojwn,63cb18M1Z31w,2025-04-05,Shipped,0,FedEx,\N,\N,4
U9CzxASyA4dA,cIIcBGeYxzLl,2025-02-08,Cancelled,37,Delhivery,\N,\N,2
ybtQbouyUcON,asn6Y9BiG6Ma,2024-11-21,Delivered,0,Delhivery,2024-11-25,4,11
ZINGGVvn67HZ,MdXOdiX1GYJB,2025-03-23,Delivered,0,DHL,2025-03-26,3,3
gnlPnWmWWtXK,DFT8eetndqim,2024-11-16,Cancelled,0,FedEx,\N,\N,11
rDmHn42asc0j,pfARTA1RWJhn,2024-12-25,Cancelled,0,FedEx,\N,\N,12
UWs6EG8yEllk,G7fLaaLEAieo,2025-02-03,Placed,0,BlueDart,\N,\N,2
eubddakM7h7B,VOohNhPUdkDS,2025-04-08,Placed,0,BlueDart,\N,\N,4
VxUGrNCLLdYi,dvl5K6eo1ouv,2025-01-02,Placed,0,BlueDart,\N,\N,1
jvf1jaFnBAOA,Nxs89iJKBJ8Z,2025-03-31,Cancelled,0,DHL,\N,\N,3
A9JeqVL0Pv3Q,fo2DhPj0geOU,2025-01-17,Cancelled,0,BlueDart,\N,\N,1
oIsaiC3amgaE,ufG7Q9l2g5Dn,2024-11-12,Cancelled,0,FedEx,\N,\N,11
YZpF4vLSjkKn,uJZ6s76zSxtN,2025-04-08,Shipped,0,Delhivery,\N,\N,4
oBZnpKxgXjOQ,gngo3QnJVUXB,2025-02-02,Cancelled,0,FedEx,\N,\N,2
m2EF75bkS4Wg,HtPYXtaKFzex,2024-06-23,Placed,0,BlueDart,\N,\N,6
0Tj5Lu0OZ2mg,xIjzSNbQQ1uw,2025-03-04,Shipped,0,Delhivery,\N,\N,3
vf6uiRPeifs0,3qJ5VThdsczu,2024-07-05,Placed,0,FedEx,\N,\N,7
6loUxcvLjhxa,lZCaJq9iYKt0,2025-05-04,Cancelled,0,BlueDart,\N,\N,5
SW4Rjkf6N6K5,ncBjZzosb18g,2024-12-20,Placed,0,DHL,\N,\N,12
3wwXY90knHt7,E1CIwdUAL7mV,2024-12-10,Delivered,0,DTDC,2024-12-15,5,12
20mBCinOeGa8,QsVvy2vjoqJ2,2025-01-04,Placed,28,DHL,\N,\N,1
2meHPtH0sBXq,eWPTvp2Uxgjr,2024-10-20,Placed,0,BlueDart,\N,\N,10
GEnjEjX8Q65Y,SDjEL1DMM89j,2024-07-08,Delivered,0,DHL,2024-07-14,6,7
E0xwRKhuvmc9,A5ypt74Dm5ED,2025-05-21,Cancelled,76,DHL,\N,\N,5
7Cpbb2Bb2tqE,M8toooCMGG65,2024-10-17,Cancelled,0,FedEx,\N,\N,10
xJ9sj2MYyWWX,YeToIjRZbK1b,2025-01-18,Shipped,0,FedEx,\N,\N,1
FgH3tZB0TzFU,zwFtWWaE2Ja8,2024-09-25,Delivered,0,FedEx,2024-10-02,7,9
YALoNfTRM8AY,Yu7y0eUjrMjF,2025-02-26,Delivered,0,Delhivery,2025-03-02,4,2
tz7MStBdMauL,tvBnqB57rQrh,2025-04-13,Shipped,0,DHL,\N,\N,4
cGFOCypExeVj,EmOTT0NimdgC,2024-12-13,Placed,0,DTDC,\N,\N,12
peUUkDpH9uwp,3QWW2QATQoks,2024-08-27,Placed,0,DHL,\N,\N,8
0a0B5hOofZtY,9U87V4FA6owh,2025-01-04,Cancelled,76,DHL,\N,\N,1
ZkOEw6dzDevL,LGiyKX8bqvRl,2024-12-19,Placed,0,DTDC,\N,\N,12
05HlfQibjdaI,JG5L1Y6huM3k,2025-02-20,Cancelled,0,DHL,\N,\N,2
26Nqi73tsPdj,grsbZ5L1H5ty,2024-11-14,Delivered,0,BlueDart,2024-11-19,5,11
H5OhxoCXXNrU,ZLVSgLGIBt50,2025-06-05,Delivered,0,BlueDart,2025-06-07,2,6
kZmwISeqVkKq,LFLEYmt3mGzI,2024-09-29,Cancelled,14,Delhivery,\N,\N,9
e0BhV0EOs2nG,26bdBz0weg9K,2024-11-27,Shipped,0,DHL,\N,\N,11
JbD5QB5SqOLw,iWDrWao0rL2O,2024-06-22,Delivered,0,FedEx,2024-06-25,3,6
uidPKymE0rX3,6rX0opAYaf5O,2025-06-16,Shipped,0,DHL,\N,\N,6
SmXZE8ADedCW,WnCydkx96ul3,2025-03-18,Shipped,0,DTDC,\N,\N,3
LJ5Z8B9RGXxq,frNd2yIHhY1X,2024-08-20,Placed,0,DTDC,\N,\N,8
y1ftNTmRcTx0,5aMM3LwvZE6p,2025-02-08,Cancelled,0,DHL,\N,\N,2
Sm8Khxs2YLxx,5nowe7IWIlDi,2024-11-25,Cancelled,0,DHL,\N,\N,11
e7u1jJDEhC1V,nOJb8kxjeqMu,2024-11-03,Placed,0,BlueDart,\N,\N,11
pE6vs2FWDrnM,qVYMpdAeuyNn,2025-03-28,Delivered,0,DTDC,2025-04-03,6,3
ADpft8F8Hjdh,9QRPPukPDKtj,2025-05-11,Cancelled,0,DHL,\N,\N,5
oLm4TjiLuMRJ,ejNZQ7X7x2T3,2025-06-11,Placed,0,Delhivery,\N,\N,6
WAoZxSGU9U5S,Aecwfm7Hmsal,2025-05-07,Cancelled,0,DTDC,\N,\N,5
3U8eAfCvZfvl,tc4f86hhYwpB,2025-03-30,Placed,0,FedEx,\N,\N,3
RDFFHiUrZErg,u1gplSGJr1m5,2025-02-17,Delivered,0,FedEx,2025-02-20,3,2
ycbzhxgrDweN,JOJJwXBnFMcH,2024-10-24,Shipped,16,BlueDart,\N,\N,10
QVxfahPatmer,txfGakDnlUkr,2024-10-08,Shipped,0,BlueDart,\N,\N,10
bgoEqjTjnoD7,Hv2CJ4UgONx7,2024-09-04,Shipped,0,DHL,\N,\N,9
nP0NxekWvvRJ,aptoeeHlIxbP,2024-10-06,Cancelled,0,FedEx,\N,\N,10
pTMINIBlhxIU,Df666drgmPfx,2024-10-30,Delivered,0,Delhivery,2024-11-06,7,10
cAEUtDk6gqka,DRJMerHUON15,2024-10-03,Cancelled,0,DTDC,\N,\N,10
LlNbzb0KrAPT,7oijac5SpbW5,2024-07-28,Placed,0,BlueDart,\N,\N,7
aUkfDCtjwPru,N9TistbY5amC,2024-10-26,Shipped,57,BlueDart,\N,\N,10
noEO0wUeHCsN,CWALhpNIASHI,2024-09-10,Shipped,0,DHL,\N,\N,9
aCK1XHHf1fum,jnoKHCWQzJID,2025-06-18,Delivered,0,FedEx,2025-06-21,3,6
iHhoOx3ArRMf,eKhyaqjCe7PA,2024-11-24,Delivered,56,Delhivery,2024-11-30,6,11
KPBAw17tvH6l,0XrxfhxhjXYE,2024-08-03,Shipped,0,DHL,\N,\N,8
BVYCKGrYYMa1,yBX7ugjJOTSS,2025-02-07,Placed,0,DTDC,\N,\N,2
X8MtryPNwnEO,oCaEiLxD6fHF,2024-10-09,Shipped,17,DHL,\N,\N,10
ZZ2qAKpbDpWM,I94cAhDO80TM,2024-08-18,Delivered,0,FedEx,2024-08-24,6,8
AuHyI7aHSWWD,nyVwdmiDhhG6,2025-06-06,Delivered,0,DHL,2025-06-09,3,6
o0MePg6Vsjtd,uQoGZ4NfZUsh,2025-05-09,Shipped,0,BlueDart,\N,\N,5
Ya0bKdSRN6cZ,5dFJ3hGKYymc,2025-04-21,Cancelled,0,Delhivery,\N,\N,4
ecwltjwbhKy3,fvrCaNELssNc,2024-08-24,Delivered,0,DTDC,2024-08-31,7,8
XCadlMhpZzya,g0UqYq0z41XR,2024-06-22,Delivered,0,Delhivery,2024-06-28,6,6
yKDIdgM8WFdz,VBhPvelXEBtq,2024-11-27,Delivered,0,DTDC,2024-11-30,3,11
d02siLyNoFlG,TSar8iKGBFdD,2024-12-22,Delivered,0,FedEx,2024-12-29,7,12
mBwXjSkuWt5v,YsC9HcNGEOnJ,2025-06-09,Shipped,0,DHL,\N,\N,6
9SGLROCyu49t,UXwfLujVOTVL,2024-07-15,Shipped,0,DTDC,\N,\N,7
ksRHlp1aNMKn,sllkB0XGYrxT,2025-04-14,Cancelled,0,FedEx,\N,\N,4
KxNffHUKrdcv,OSFTagz8LUCX,2025-04-08,Shipped,0,DHL,\N,\N,4
pA1r70IqoIw7,IG0zdwpicn3n,2025-03-01,Cancelled,79,FedEx,\N,\N,3
AuFgdyQ6UJEB,gvNtQarZgOr8,2025-02-27,Placed,0,BlueDart,\N,\N,2
YulIBaFUj66R,YeOwwF3fdWgu,2025-03-01,Delivered,0,DTDC,2025-03-03,2,3
PPNDIe2xTadL,HTmirdxNO6w3,2024-07-29,Cancelled,32,BlueDart,\N,\N,7
H5pYnCSFkzXG,ROKLVaGH8de0,2024-08-30,Placed,0,BlueDart,\N,\N,8
oQvVlveZFVO4,vqxOoMq59uav,2025-02-01,Delivered,0,BlueDart,2025-02-03,2,2
ttHorFpzlIyI,RoIfzwKM1yvo,2024-12-05,Shipped,0,BlueDart,\N,\N,12
jm7hzoBSH5ov,E1orXI8bLrNV,2025-03-11,Placed,0,DTDC,\N,\N,3
zn55MteMunpY,FOHBkie5YOyT,2024-12-26,Shipped,0,BlueDart,\N,\N,12
E8bEaZ3ToDxq,e2pbPEjaeR6m,2025-03-20,Cancelled,52,DHL,\N,\N,3
17Lriecl3D0I,elCsLJhTBJtl,2025-05-11,Cancelled,0,DHL,\N,\N,5
DY2D9uOFaz69,rCX2RwzGubEQ,2025-02-02,Cancelled,29,DTDC,\N,\N,2
56POPo3cS9sM,xbIMznITKpTA,2024-10-17,Cancelled,0,BlueDart,\N,\N,10
ESfNXBWr8K0u,BKYTz5VyeBBd,2024-07-10,Shipped,0,BlueDart,\N,\N,7
tWUsg1GF5Yus,abN6KF4qdL4n,2025-04-22,Placed,0,FedEx,\N,\N,4
UAVYeFEzP8K8,Azn5ULeYYh8s,2024-10-09,Shipped,0,DTDC,\N,\N,10
CwN3m2MlYkT9,78uia3DgAfNK,2024-12-27,Shipped,0,DTDC,\N,\N,12
rdDyNHlVOW9P,Py7WXu4L3Wmi,2024-11-24,Cancelled,0,FedEx,\N,\N,11
JtdZhLB6hFMi,CFLESwh13Z7B,2024-11-30,Cancelled,0,DHL,\N,\N,11
ZBSjSdKIXtxI,SaNj4MhzahVL,2025-02-16,Placed,0,DHL,\N,\N,2
8iC5QkxZE6H6,qk3Ys1QXliaP,2025-01-03,Cancelled,65,DHL,\N,\N,1
O7vNQJW12xAL,4JEusie8wqjJ,2025-03-16,Cancelled,0,FedEx,\N,\N,3
yxQIOnuld7Vv,NvTNauiH1qDG,2025-02-23,Placed,0,Delhivery,\N,\N,2
oSto73LMEIGu,HFRFmaPKlKMJ,2025-05-15,Cancelled,0,FedEx,\N,\N,5
xYJiyxsiUE5F,hCT0x9JiGXBQ,2025-01-20,Cancelled,0,BlueDart,\N,\N,1
m5KpxHvzaqjs,PxA7fv9spyhx,2025-04-09,Cancelled,0,BlueDart,\N,\N,4
1wxqRGy23Cd9,g3nXeJkGI0Qw,2025-04-17,Delivered,0,DTDC,2025-04-20,3,4
5gehdPGMtZvR,EOEsCQ6QlpIg,2024-11-26,Delivered,0,FedEx,2024-12-01,5,11
tKJsZWGXuwQn,mVz5LO2Vd6cL,2024-07-01,Shipped,56,Delhivery,\N,\N,7
m3Qw1ELsEPTB,UkqnhxmX7YMP,2025-05-10,Placed,0,DHL,\N,\N,5
lMy95sHz9v8D,85jiDiGSfhTu,2024-10-30,Delivered,0,DTDC,2024-11-06,7,10
PxLglhaqHRbr,gDdkaN8b9s1g,2025-03-06,Cancelled,0,DTDC,\N,\N,3
1CJT3PJh131h,9Csx6oXlpLl1,2024-11-07,Shipped,0,DTDC,\N,\N,11
kVWfUmb7YH2f,gZTPKLPRnreg,2025-05-10,Shipped,0,DTDC,\N,\N,5
iY9YA44fe4cg,TDEBQrhIwApB,2024-11-18,Shipped,0,Delhivery,\N,\N,11
ko2sUcaAMFvu,1k71TCYNFCzj,2024-08-10,Delivered,0,DTDC,2024-08-12,2,8
jqCoQha1toAy,IfWKDQHkjLDd,2025-04-02,Placed,0,BlueDart,\N,\N,4
liW6Fgv1Q5yx,kZ0rkJCJ6N5y,2025-01-06,Placed,0,DHL,\N,\N,1
r5MjD4B2pAqn,zsCKIdqYLV01,2024-12-17,Placed,16,BlueDart,\N,\N,12
jk1MbQPLCqOA,FrEvnEiMKGpr,2024-12-25,Shipped,46,DHL,\N,\N,12
hf6j5LbPu1cS,3zvaY9gUH9bO,2024-09-03,Shipped,0,BlueDart,\N,\N,9
DsmFf6HR0fr7,bUornDCZmRD4,2024-10-30,Shipped,0,FedEx,\N,\N,10
bAKWu5HY71B0,qEVfsXFU3er9,2024-11-25,Placed,0,DTDC,\N,\N,11
PDHGnrIHpOTH,mPg90mQwmDOP,2024-12-27,Delivered,0,DTDC,2024-12-30,3,12
7RUT9m9Ly4k9,v6GelvnCrAk5,2025-05-10,Delivered,0,DTDC,2025-05-13,3,5
5OxRd6fsdTZk,lZ0pUFQvjZNA,2024-10-25,Cancelled,0,Delhivery,\N,\N,10
AgKHnVGNbaEV,ckZATUjYdFd3,2024-08-16,Cancelled,0,Delhivery,\N,\N,8
9B2C7BqTYjHJ,GuxDt46GwQEd,2025-02-01,Delivered,0,DTDC,2025-02-06,5,2
Kbrzj70M0WNn,SPV4UclettEh,2025-02-01,Delivered,0,Delhivery,2025-02-05,4,2
bjDfEmgMEDpU,GpdbWoJi61Qc,2025-01-04,Placed,0,BlueDart,\N,\N,1
RepFH3apgjvG,KD8KlSTtIm3Z,2024-11-13,Placed,0,DTDC,\N,\N,11
xRGmMz1nfUs8,QU7yWUgfIpJX,2024-10-17,Shipped,0,BlueDart,\N,\N,10
uiT4k1l5p2rF,rgjb3WchpjHg,2025-02-11,Shipped,0,DTDC,\N,\N,2
WGSNdmUmB4Eg,JyHhNu9cbCo1,2024-11-25,Placed,0,Delhivery,\N,\N,11
B2GjJEgQkP5S,Jw0zo2CWiEs7,2024-08-02,Placed,0,Delhivery,\N,\N,8
eoMAkNbPDEe6,MXiUFyGLUs2Z,2024-10-25,Cancelled,0,FedEx,\N,\N,10
uwMj50GV83BY,oiBrZODbJTvz,2025-05-08,Placed,0,Delhivery,\N,\N,5
agWkMEYuAUsq,mcuPjOLRkNpR,2024-07-22,Delivered,0,FedEx,2024-07-29,7,7
bNd69LlXmb6B,yOjH9Exn64WQ,2024-11-21,Delivered,0,DHL,2024-11-24,3,11
I1SHjNqiPp2x,yca6TkmY4yQm,2024-08-03,Shipped,0,DTDC,\N,\N,8
FiXiQ2jJAOko,LooHWGt3K5gp,2024-08-03,Shipped,51,DHL,\N,\N,8
sa5f8xFoemLH,oZqYD7eyV1EJ,2024-11-25,Delivered,0,Delhivery,2024-12-01,6,11
wQIC1Fv3kbNv,0hj86xqZbYSV,2024-11-01,Delivered,0,FedEx,2024-11-06,5,11
MdyQaF1xjArW,l2wCGNSY1l3Z,2024-10-05,Cancelled,0,Delhivery,\N,\N,10
EL99Y78lnlDu,ukZ709Rl8bdF,2024-12-13,Placed,81,DHL,\N,\N,12
YgNJqCtX17Kc,iFsAJRrzVaTS,2024-08-21,Cancelled,0,DTDC,\N,\N,8
M1CD6MRDtElk,tSG89uyaK6MS,2024-10-14,Shipped,0,DHL,\N,\N,10
BW3xumGh8076,Ex7BhwPvrGyQ,2025-05-06,Placed,0,DTDC,\N,\N,5
KZQmjZDKKrZT,f4Frm4WEvj1g,2025-04-25,Placed,0,FedEx,\N,\N,4
YtcfbazLG1lG,ORO4ADUB1jHd,2024-11-20,Cancelled,0,DTDC,\N,\N,11
2pAHDYulNpS4,jQ0u9oBPe3Mg,2024-07-28,Cancelled,0,DTDC,\N,\N,7
E7q2uEiL6uy3,0I8vL0BlM1p1,2025-01-18,Delivered,0,DTDC,2025-01-20,2,1
NUaeUrz5y2Dk,JtX09eqY5lk3,2024-12-12,Delivered,0,Delhivery,2024-12-14,2,12
bQo7VI5x351c,sk3z82bQhZAO,2024-09-28,Cancelled,0,DTDC,\N,\N,9
5HzkXb6bsoEK,eSqRKROmKF9Y,2025-06-15,Shipped,80,DHL,\N,\N,6
AP2YVWUwk4vW,SNzA2roBQaGK,2024-11-06,Cancelled,0,DHL,\N,\N,11
iHIdznQ1MNV7,IGPOK4wVaGbv,2024-12-10,Cancelled,25,Delhivery,\N,\N,12
fsgOD7KhUPbC,45WzrefbE0kB,2024-09-24,Placed,0,FedEx,\N,\N,9
u6OKG4vAONF0,dGD1MVag3snm,2025-05-11,Shipped,0,BlueDart,\N,\N,5
xGCqeuyxN6yv,EI8c9beFpTSQ,2024-09-26,Cancelled,21,Delhivery,\N,\N,9
VXAtLHTyJfnb,YanexVtkhb2B,2024-09-21,Delivered,0,FedEx,2024-09-27,6,9
44v9NPOUgUsH,iaDXrhsLGSc6,2024-09-07,Shipped,0,DTDC,\N,\N,9
pwnpnTMeyOJL,hWGGX7sEla9R,2024-11-28,Cancelled,0,DHL,\N,\N,11
DbtyPnYiP8w7,MNcdWG4E5iDb,2025-05-12,Delivered,0,DTDC,2025-05-16,4,5
88jyWK8UtRpJ,7mxdMPX1ERJj,2024-10-10,Cancelled,52,BlueDart,\N,\N,10
Bi61b60fIk02,JJe2PPwxISzG,2024-12-08,Placed,0,BlueDart,\N,\N,12
skOWBWpi8a1d,cnalXbv8lRur,2024-08-16,Placed,0,DHL,\N,\N,8
33hf9BeM2xsl,Vpl3DrXMAEhb,2024-10-12,Shipped,0,FedEx,\N,\N,10
6xYoUn8Pt5yT,cWwtMYBNlwy1,2024-11-16,Placed,0,DTDC,\N,\N,11
kGYYO1k29uUn,bEh2OYyGVzcI,2024-10-17,Shipped,0,DHL,\N,\N,10
3UC3gQ6x3xnT,3JeAegsqlpZ1,2025-06-12,Delivered,70,DHL,2025-06-14,2,6
VMY9b55qOBfr,6gl6qALuNSUL,2024-06-23,Cancelled,16,BlueDart,\N,\N,6
47FTGzwFKp93,rAV7gKaOWkEy,2025-02-16,Placed,0,BlueDart,\N,\N,2
gfvGqGgbsM0T,CiOHqzRk5bbt,2024-11-12,Delivered,68,Delhivery,2024-11-14,2,11
8s6FihqV8Med,tIPFV5qJBgvT,2024-10-22,Placed,0,FedEx,\N,\N,10
kTsy3egNRR4l,yD2x7GOSsjqA,2024-07-23,Placed,0,DTDC,\N,\N,7
vDSaCBPcQ3Ie,a9gFQyCfrVym,2024-10-13,Shipped,0,FedEx,\N,\N,10
WjTifY9aykcZ,dXsploeBzop3,2025-03-19,Cancelled,88,Delhivery,\N,\N,3
UBQ1SPANGRyw,9tQzKeNKhIoQ,2024-08-04,Delivered,0,DTDC,2024-08-08,4,8
N8ibkTjSoTCy,TLYzpBJ3Cbnv,2024-07-02,Placed,0,DTDC,\N,\N,7
ehE4rCz4Lk8C,J2bElQYq3gEQ,2025-01-08,Shipped,51,FedEx,\N,\N,1
5uzvoibX8FHC,lFEdYUjKo6tu,2025-06-12,Delivered,0,Delhivery,2025-06-14,2,6
EA2ZG62zNeiX,8tpStNEuJ43p,2025-01-19,Delivered,0,DTDC,2025-01-23,4,1
ZP4Szmz7yHVF,qvo2fc2aRUvp,2025-03-03,Shipped,0,Delhivery,\N,\N,3
VqyZ6AUjmqsW,pk1Ke0Nxac36,2025-04-11,Delivered,0,DTDC,2025-04-17,6,4
cNdxjkLseYtJ,UlqYPqEYgETA,2025-03-11,Placed,0,FedEx,\N,\N,3
YpeuCkJBAADD,M7wmpVTfmiFp,2024-09-01,Delivered,0,BlueDart,2024-09-06,5,9
dcRmdVPaLbev,4YfVSBGWPVdv,2025-05-29,Placed,29,Delhivery,\N,\N,5
DFX0kbuliZ9U,pqIfz7jRxaKh,2024-11-17,Cancelled,0,FedEx,\N,\N,11
wZbKu5eqxBPY,5XGKxFrzDdYP,2024-06-26,Placed,0,FedEx,\N,\N,6
cl3E8qDk7F1J,oWBBqGwqpx4m,2024-11-16,Delivered,0,BlueDart,2024-11-23,7,11
3PToRTgOzCru,EeCs1w6JNdPU,2024-10-21,Cancelled,0,DTDC,\N,\N,10
hlczNrG9OELh,hgHQgpZ9rVHu,2025-04-30,Cancelled,0,FedEx,\N,\N,4
K7LYTRlYmqtl,uvuFFZDOAlU7,2025-04-19,Shipped,0,BlueDart,\N,\N,4
8fXKrOp6zwBJ,bVaqeOVzrNj1,2025-03-30,Cancelled,0,DHL,\N,\N,3
bk8FRhBPYMRp,EZkjVsEKMQF0,2025-02-24,Delivered,0,FedEx,2025-02-28,4,2
MgWhJ1YqWduV,LkYwWbX35V3p,2024-09-22,Placed,0,DHL,\N,\N,9
8aenQzLD9Jtz,paCiJAGDh54D,2025-01-06,Placed,0,Delhivery,\N,\N,1
H2pnbcDMmFd2,wuCRBXrAQIyN,2024-07-02,Shipped,73,DHL,\N,\N,7
sDnywjXX9Ovd,jsuJ85mr7Rlb,2024-12-10,Placed,98,DHL,\N,\N,12
0JuqQIwfLYnT,7qqTmdyVGDMP,2025-02-24,Placed,0,BlueDart,\N,\N,2
VxaTT0SCp2Tj,ebCRKHmjYa2q,2024-09-21,Placed,51,DTDC,\N,\N,9
Imxs1M7UkpcO,ap5gXjoc79ju,2025-01-01,Delivered,0,BlueDart,2025-01-06,5,1
NFUpGDCwLMFM,63cb18M1Z31w,2024-09-28,Delivered,0,DTDC,2024-10-04,6,9
BBc5FPIA3R9c,cIIcBGeYxzLl,2024-10-31,Cancelled,0,Delhivery,\N,\N,10
WrgoxKAoL2Ar,asn6Y9BiG6Ma,2025-02-09,Shipped,0,DTDC,\N,\N,2
a6FkXB8GXpMj,MdXOdiX1GYJB,2024-09-20,Placed,0,DHL,\N,\N,9
M95HRGwG9nTB,DFT8eetndqim,2025-04-24,Delivered,27,DTDC,2025-04-27,3,4
D9DfMxLyuS8I,pfARTA1RWJhn,2025-01-28,Placed,0,DTDC,\N,\N,1
wbWST0HtOM9N,G7fLaaLEAieo,2024-07-28,Cancelled,0,Delhivery,\N,\N,7
8qv6FVrwGI9s,VOohNhPUdkDS,2024-06-26,Delivered,84,Delhivery,2024-06-28,2,6
IKTPbNd2qqVT,dvl5K6eo1ouv,2025-02-26,Cancelled,33,DHL,\N,\N,2
mT8HsPe0k5po,Nxs89iJKBJ8Z,2024-08-30,Shipped,0,Delhivery,\N,\N,8
3fvUAar1TrEX,fo2DhPj0geOU,2024-08-13,Cancelled,0,DHL,\N,\N,8
BdGzmn2R6z0l,ufG7Q9l2g5Dn,2025-03-25,Placed,0,DTDC,\N,\N,3
NwwWAkuPNHfJ,uJZ6s76zSxtN,2025-04-16,Cancelled,0,BlueDart,\N,\N,4
tWEDUjAyLHfB,gngo3QnJVUXB,2024-12-25,Placed,0,FedEx,\N,\N,12
frlMnNZkwIfK,HtPYXtaKFzex,2025-04-15,Shipped,0,Delhivery,\N,\N,4
cqahLCkCpvJX,xIjzSNbQQ1uw,2025-01-10,Cancelled,39,FedEx,\N,\N,1
38sHRdAddNfN,3qJ5VThdsczu,2024-06-23,Placed,0,Delhivery,\N,\N,6
vkJkawHwMxHz,lZCaJq9iYKt0,2024-10-23,Placed,27,BlueDart,\N,\N,10
hkJ65f3ziGJY,ncBjZzosb18g,2025-02-11,Placed,0,DHL,\N,\N,2
rOxcQzPke17d,E1CIwdUAL7mV,2024-07-13,Shipped,0,DTDC,\N,\N,7
lRjC3RiT6wre,QsVvy2vjoqJ2,2025-03-08,Cancelled,0,DHL,\N,\N,3
FH1y0JwZlD7v,eWPTvp2Uxgjr,2025-05-10,Cancelled,0,BlueDart,\N,\N,5
W9JhidTkaJPs,SDjEL1DMM89j,2025-06-16,Placed,0,Delhivery,\N,\N,6
V644kANWdsvV,A5ypt74Dm5ED,2024-08-04,Delivered,0,BlueDart,2024-08-08,4,8
LLqcRdy0VeZz,M8toooCMGG65,2025-06-18,Delivered,0,FedEx,2025-06-25,7,6
54FbBzdWakyi,YeToIjRZbK1b,2024-12-15,Shipped,0,BlueDart,\N,\N,12
HwE4acvLG9Qx,zwFtWWaE2Ja8,2024-10-18,Placed,0,FedEx,\N,\N,10
SowE9v1csziL,Yu7y0eUjrMjF,2024-07-10,Shipped,22,BlueDart,\N,\N,7
bs9I096kAHZt,tvBnqB57rQrh,2024-09-25,Shipped,0,DHL,\N,\N,9
KHe8e4f74UgF,EmOTT0NimdgC,2024-09-30,Shipped,0,FedEx,\N,\N,9
1DXRQXbvV7Yl,3QWW2QATQoks,2024-12-29,Cancelled,0,FedEx,\N,\N,12
KHgXIZ1xGqkI,9U87V4FA6owh,2025-02-17,Delivered,0,FedEx,2025-02-20,3,2
MkclTFFe4Mf5,LGiyKX8bqvRl,2024-10-19,Cancelled,0,FedEx,\N,\N,10
xgJnoTQG5L5j,JG5L1Y6huM3k,2024-11-15,Shipped,0,BlueDart,\N,\N,11
ejc5FFFjFyMI,grsbZ5L1H5ty,2024-12-29,Placed,0,DHL,\N,\N,12
792LRSjJ5uuh,ZLVSgLGIBt50,2025-06-08,Cancelled,0,DHL,\N,\N,6
XZqvwXONvpUO,LFLEYmt3mGzI,2025-01-06,Cancelled,0,DHL,\N,\N,1
kkfISIg14mg9,26bdBz0weg9K,2024-09-30,Placed,0,Delhivery,\N,\N,9
txD5t3ZhTLa1,iWDrWao0rL2O,2024-10-27,Placed,58,DHL,\N,\N,10
xvS6Ks70wTfe,6rX0opAYaf5O,2025-06-20,Delivered,0,Delhivery,2025-06-27,7,6
ZcGHN6kqHOhf,WnCydkx96ul3,2024-07-22,Delivered,61,BlueDart,2024-07-28,6,7
DxwkvVOvSVs8,frNd2yIHhY1X,2025-03-03,Delivered,0,DHL,2025-03-07,4,3
Q7Y8hj2sHcLh,5aMM3LwvZE6p,2025-02-04,Cancelled,0,BlueDart,\N,\N,2
kRLCwzhXYIob,5nowe7IWIlDi,2024-07-12,Placed,0,FedEx,\N,\N,7
QEHMXHqTRYbH,nOJb8kxjeqMu,2024-08-24,Placed,34,DHL,\N,\N,8
WQMrpWAFf987,qVYMpdAeuyNn,2024-12-19,Placed,55,DHL,\N,\N,12
pLNRchGrEzRm,9QRPPukPDKtj,2024-07-25,Placed,0,FedEx,\N,\N,7
96FRQU1c4Xxp,ejNZQ7X7x2T3,2025-01-07,Shipped,0,DTDC,\N,\N,1
LsXC0OpFSno8,Aecwfm7Hmsal,2025-02-23,Placed,0,DHL,\N,\N,2
iljarHAQ7ucB,tc4f86hhYwpB,2025-03-22,Delivered,0,Delhivery,2025-03-29,7,3
kcZa5fyE5ylY,u1gplSGJr1m5,2025-04-10,Placed,76,DHL,\N,\N,4
KpzPtypPHb4n,JOJJwXBnFMcH,2024-07-07,Placed,64,BlueDart,\N,\N,7
zE18xrJBI42T,txfGakDnlUkr,2025-06-17,Shipped,0,DHL,\N,\N,6
r5T33k2VvBfI,Hv2CJ4UgONx7,2025-03-28,Shipped,0,Delhivery,\N,\N,3
qg2zjaeExjFd,aptoeeHlIxbP,2025-05-21,Delivered,0,DHL,2025-05-27,6,5
Lp7sq0wBVfdL,Df666drgmPfx,2024-09-24,Cancelled,0,FedEx,\N,\N,9
GqUfmMlfnZXd,DRJMerHUON15,2024-12-05,Cancelled,0,FedEx,\N,\N,12
9La1YDy9PDH7,7oijac5SpbW5,2024-11-23,Placed,0,FedEx,\N,\N,11
78QQHJ9LT2hl,N9TistbY5amC,2024-10-30,Delivered,0,DHL,2024-11-06,7,10
9Vs3YaSvvMx2,CWALhpNIASHI,2025-02-19,Cancelled,0,DHL,\N,\N,2
utfLirOjt9kh,jnoKHCWQzJID,2024-10-27,Placed,0,FedEx,\N,\N,10
heFoilJgIicV,eKhyaqjCe7PA,2025-04-28,Placed,0,DHL,\N,\N,4
8KhRrIhsNxvv,0XrxfhxhjXYE,2024-10-24,Cancelled,83,FedEx,\N,\N,10
95gzdwNbLfTd,yBX7ugjJOTSS,2025-04-27,Cancelled,61,DHL,\N,\N,4
oG3rsFRMPIIP,oCaEiLxD6fHF,2024-10-01,Delivered,0,DTDC,2024-10-05,4,10
60fp1UUgwlZ2,I94cAhDO80TM,2025-01-13,Cancelled,53,DHL,\N,\N,1
tMy5T8njSpqz,nyVwdmiDhhG6,2024-10-19,Delivered,0,DTDC,2024-10-22,3,10
AxuCtMBE95Q6,uQoGZ4NfZUsh,2025-03-08,Cancelled,0,Delhivery,\N,\N,3
rAiatkNN66Q0,5dFJ3hGKYymc,2025-05-24,Cancelled,0,BlueDart,\N,\N,5
NeRlDWBFzVrY,fvrCaNELssNc,2025-02-23,Placed,0,DTDC,\N,\N,2
NSa3Od0wvDIf,g0UqYq0z41XR,2025-05-28,Delivered,0,FedEx,2025-06-02,5,5
q43ptBQkqVcX,VBhPvelXEBtq,2024-12-16,Cancelled,54,DHL,\N,\N,12
Z9Qh4yggjxvA,TSar8iKGBFdD,2025-04-17,Delivered,73,Delhivery,2025-04-22,5,4
UtCLDzcPKksZ,YsC9HcNGEOnJ,2025-03-02,Shipped,0,BlueDart,\N,\N,3
nuxHMfCTs4o6,UXwfLujVOTVL,2025-04-06,Delivered,0,FedEx,2025-04-08,2,4
nJlm0M7FkKrD,sllkB0XGYrxT,2025-03-19,Delivered,97,Delhivery,2025-03-21,2,3
FmcDEeFEMirN,OSFTagz8LUCX,2024-11-11,Placed,0,DTDC,\N,\N,11
GLY89KCY1unu,IG0zdwpicn3n,2025-06-17,Cancelled,0,FedEx,\N,\N,6
vzsSTAVxmNmu,gvNtQarZgOr8,2025-03-15,Delivered,72,DHL,2025-03-20,5,3
L5XVCh28ClDT,YeOwwF3fdWgu,2025-05-12,Shipped,96,DHL,\N,\N,5
lKh7nPMfdw2d,HTmirdxNO6w3,2024-07-10,Cancelled,0,BlueDart,\N,\N,7
vnESuMvq0gJ7,ROKLVaGH8de0,2025-01-03,Placed,39,DHL,\N,\N,1
LtwT9iUKBmWu,vqxOoMq59uav,2024-08-16,Placed,0,Delhivery,\N,\N,8
SI4QK2utwdbo,RoIfzwKM1yvo,2024-11-22,Shipped,0,Delhivery,\N,\N,11
J7spWAMqSQ0u,E1orXI8bLrNV,2024-10-09,Shipped,0,DHL,\N,\N,10
w5I9OLr1KtRi,FOHBkie5YOyT,2024-10-01,Cancelled,14,Delhivery,\N,\N,10
07B7qmxrDGYe,e2pbPEjaeR6m,2025-04-21,Delivered,23,DHL,2025-04-27,6,4
FTH9Ilp4OdpX,elCsLJhTBJtl,2025-01-23,Cancelled,84,DHL,\N,\N,1
qpwK6IF8A40k,rCX2RwzGubEQ,2025-03-13,Cancelled,0,BlueDart,\N,\N,3
av6Tdw2WjbKI,xbIMznITKpTA,2025-02-22,Shipped,0,DTDC,\N,\N,2
GQVh79uT6xFW,BKYTz5VyeBBd,2025-05-26,Placed,0,DHL,\N,\N,5
yMY2Q7fAZNGk,abN6KF4qdL4n,2024-07-01,Shipped,0,FedEx,\N,\N,7
ZiMlNZS9dLPd,Azn5ULeYYh8s,2025-06-20,Delivered,0,BlueDart,2025-06-27,7,6
U9noRbeiI2Yt,78uia3DgAfNK,2024-10-24,Shipped,0,DHL,\N,\N,10
0ab7Qdrfjd6L,Py7WXu4L3Wmi,2024-08-09,Delivered,0,BlueDart,2024-08-13,4,8
SEhajO7m1yIV,CFLESwh13Z7B,2024-07-08,Shipped,0,Delhivery,\N,\N,7
AZNIkMV0GQwc,SaNj4MhzahVL,2025-01-30,Shipped,28,BlueDart,\N,\N,1
Bt71dyuIBnJO,qk3Ys1QXliaP,2024-10-16,Cancelled,0,Delhivery,\N,\N,10
tZTPLoywD0xj,4JEusie8wqjJ,2024-12-27,Shipped,58,BlueDart,\N,\N,12
B4FfW1c4b0RB,NvTNauiH1qDG,2025-01-04,Placed,0,FedEx,\N,\N,1
go2QqroS6MHI,HFRFmaPKlKMJ,2024-07-08,Delivered,75,Delhivery,2024-07-11,3,7
